subject_id	reported_sex	consent_code	study_nickname
HG00096	Male	NRES	1000G
HG00097	Female	NRES	1000G
HG00099	Female	NRES	1000G
HG00100	Female	NRES	1000G
HG00101	Male	NRES	1000G
HG00102	Female	NRES	1000G
HG00103	Male	NRES	1000G
HG00105	Male	NRES	1000G
HG00106	Female	NRES	1000G
HG00107	Male	NRES	1000G
HG00108	Male	NRES	1000G
HG00109	Male	NRES	1000G
HG00110	Female	NRES	1000G
HG00111	Female	NRES	1000G
HG00112	Male	NRES	1000G
HG00113	Male	NRES	1000G
HG00114	Male	NRES	1000G
HG00115	Male	NRES	1000G
HG00116	Male	NRES	1000G
HG00117	Male	NRES	1000G
HG00118	Female	NRES	1000G
HG00119	Male	NRES	1000G
HG00120	Female	NRES	1000G
HG00121	Female	NRES	1000G
HG00122	Female	NRES	1000G
HG00123	Female	NRES	1000G
HG00125	Female	NRES	1000G
HG00126	Male	NRES	1000G
HG00127	Female	NRES	1000G
HG00128	Female	NRES	1000G
HG00129	Male	NRES	1000G
HG00130	Female	NRES	1000G
HG00131	Male	NRES	1000G
HG00132	Female	NRES	1000G
HG00133	Female	NRES	1000G
HG00136	Male	NRES	1000G
HG00137	Female	NRES	1000G
HG00138	Male	NRES	1000G
HG00139	Male	NRES	1000G
HG00140	Male	NRES	1000G
HG00141	Male	NRES	1000G
HG00142	Male	NRES	1000G
HG00143	Male	NRES	1000G
HG00145	Male	NRES	1000G
HG00146	Female	NRES	1000G
HG00148	Male	NRES	1000G
HG00149	Male	NRES	1000G
HG00150	Female	NRES	1000G
HG00151	Male	NRES	1000G
HG00154	Female	NRES	1000G
HG00155	Male	NRES	1000G
HG00157	Male	NRES	1000G
HG00158	Female	NRES	1000G
HG00159	Male	NRES	1000G
HG00160	Male	NRES	1000G
HG00171	Female	NRES	1000G
HG00173	Female	NRES	1000G
HG00174	Female	NRES	1000G
HG00176	Female	NRES	1000G
HG00177	Female	NRES	1000G
HG00178	Female	NRES	1000G
HG00179	Female	NRES	1000G
HG00180	Female	NRES	1000G
HG00181	Male	NRES	1000G
HG00182	Male	NRES	1000G
HG00183	Male	NRES	1000G
HG00185	Male	NRES	1000G
HG00186	Male	NRES	1000G
HG00187	Male	NRES	1000G
HG00188	Male	NRES	1000G
HG00189	Male	NRES	1000G
HG00190	Male	NRES	1000G
HG00231	Female	NRES	1000G
HG00232	Female	NRES	1000G
HG00233	Female	NRES	1000G
HG00234	Male	NRES	1000G
HG00235	Female	NRES	1000G
HG00236	Female	NRES	1000G
HG00237	Female	NRES	1000G
HG00238	Female	NRES	1000G
HG00239	Female	NRES	1000G
HG00240	Female	NRES	1000G
HG00242	Male	NRES	1000G
HG00243	Male	NRES	1000G
HG00244	Male	NRES	1000G
HG00245	Female	NRES	1000G
HG00246	Male	NRES	1000G
HG00250	Female	NRES	1000G
HG00251	Male	NRES	1000G
HG00252	Male	NRES	1000G
HG00253	Female	NRES	1000G
HG00254	Female	NRES	1000G
HG00255	Female	NRES	1000G
HG00256	Male	NRES	1000G
HG00257	Female	NRES	1000G
HG00258	Female	NRES	1000G
HG00259	Female	NRES	1000G
HG00260	Male	NRES	1000G
HG00261	Female	NRES	1000G
HG00262	Female	NRES	1000G
HG00263	Female	NRES	1000G
HG00264	Male	NRES	1000G
HG00265	Male	NRES	1000G
HG00266	Female	NRES	1000G
HG00267	Male	NRES	1000G
HG00268	Female	NRES	1000G
HG00269	Female	NRES	1000G
HG00271	Male	NRES	1000G
HG00272	Female	NRES	1000G
HG00273	Male	NRES	1000G
HG00274	Female	NRES	1000G
HG00275	Female	NRES	1000G
HG00276	Female	NRES	1000G
HG00277	Male	NRES	1000G
HG00278	Male	NRES	1000G
HG00280	Male	NRES	1000G
HG00281	Female	NRES	1000G
HG00282	Female	NRES	1000G
HG00284	Male	NRES	1000G
HG00285	Female	NRES	1000G
HG00288	Female	NRES	1000G
HG00290	Male	NRES	1000G
HG00304	Female	NRES	1000G
HG00306	Female	NRES	1000G
HG00308	Male	NRES	1000G
HG00309	Female	NRES	1000G
HG00310	Male	NRES	1000G
HG00311	Male	NRES	1000G
HG00313	Female	NRES	1000G
HG00315	Female	NRES	1000G
HG00318	Female	NRES	1000G
HG00319	Female	NRES	1000G
HG00320	Female	NRES	1000G
HG00321	Male	NRES	1000G
HG00323	Female	NRES	1000G
HG00324	Female	NRES	1000G
HG00325	Male	NRES	1000G
HG00326	Female	NRES	1000G
HG00327	Female	NRES	1000G
HG00328	Female	NRES	1000G
HG00329	Male	NRES	1000G
HG00330	Female	NRES	1000G
HG00331	Female	NRES	1000G
HG00332	Female	NRES	1000G
HG00334	Female	NRES	1000G
HG00335	Male	NRES	1000G
HG00336	Male	NRES	1000G
HG00337	Female	NRES	1000G
HG00338	Male	NRES	1000G
HG00339	Female	NRES	1000G
HG00341	Male	NRES	1000G
HG00342	Male	NRES	1000G
HG00343	Female	NRES	1000G
HG00344	Female	NRES	1000G
HG00345	Male	NRES	1000G
HG00346	Female	NRES	1000G
HG00349	Female	NRES	1000G
HG00350	Female	NRES	1000G
HG00351	Male	NRES	1000G
HG00353	Female	NRES	1000G
HG00355	Female	NRES	1000G
HG00356	Female	NRES	1000G
HG00357	Female	NRES	1000G
HG00358	Male	NRES	1000G
HG00360	Male	NRES	1000G
HG00361	Female	NRES	1000G
HG00362	Female	NRES	1000G
HG00364	Female	NRES	1000G
HG00365	Female	NRES	1000G
HG00366	Male	NRES	1000G
HG00367	Female	NRES	1000G
HG00368	Female	NRES	1000G
HG00369	Male	NRES	1000G
HG00371	Male	NRES	1000G
HG00372	Male	NRES	1000G
HG00373	Female	NRES	1000G
HG00375	Male	NRES	1000G
HG00376	Female	NRES	1000G
HG00378	Female	NRES	1000G
HG00379	Female	NRES	1000G
HG00380	Female	NRES	1000G
HG00381	Female	NRES	1000G
HG00382	Male	NRES	1000G
HG00383	Female	NRES	1000G
HG00384	Female	NRES	1000G
HG00403	Male	NRES	1000G
HG00404	Female	NRES	1000G
HG00406	Male	NRES	1000G
HG00407	Female	NRES	1000G
HG00409	Male	NRES	1000G
HG00410	Female	NRES	1000G
HG00419	Female	NRES	1000G
HG00421	Male	NRES	1000G
HG00422	Female	NRES	1000G
HG00428	Female	NRES	1000G
HG00436	Male	NRES	1000G
HG00437	Female	NRES	1000G
HG00442	Male	NRES	1000G
HG00443	Female	NRES	1000G
HG00445	Male	NRES	1000G
HG00446	Female	NRES	1000G
HG00448	Male	NRES	1000G
HG00449	Female	NRES	1000G
HG00451	Male	NRES	1000G
HG00452	Female	NRES	1000G
HG00457	Male	NRES	1000G
HG00458	Female	NRES	1000G
HG00463	Male	NRES	1000G
HG00464	Female	NRES	1000G
HG00472	Male	NRES	1000G
HG00473	Female	NRES	1000G
HG00475	Male	NRES	1000G
HG00476	Female	NRES	1000G
HG00478	Male	NRES	1000G
HG00479	Female	NRES	1000G
HG00500	Male	NRES	1000G
HG00513	Female	NRES	1000G
HG00524	Male	NRES	1000G
HG00525	Female	NRES	1000G
HG00530	Male	NRES	1000G
HG00531	Female	NRES	1000G
HG00533	Male	NRES	1000G
HG00534	Female	NRES	1000G
HG00536	Male	NRES	1000G
HG00537	Female	NRES	1000G
HG00542	Male	NRES	1000G
HG00543	Female	NRES	1000G
HG00551	Female	NRES	1000G
HG00553	Male	NRES	1000G
HG00554	Female	NRES	1000G
HG00556	Male	NRES	1000G
HG00557	Female	NRES	1000G
HG00559	Male	NRES	1000G
HG00560	Female	NRES	1000G
HG00565	Male	NRES	1000G
HG00566	Female	NRES	1000G
HG00580	Male	NRES	1000G
HG00581	Female	NRES	1000G
HG00583	Male	NRES	1000G
HG00584	Female	NRES	1000G
HG00589	Male	NRES	1000G
HG00590	Female	NRES	1000G
HG00592	Male	NRES	1000G
HG00593	Female	NRES	1000G
HG00595	Male	NRES	1000G
HG00596	Female	NRES	1000G
HG00598	Male	NRES	1000G
HG00599	Female	NRES	1000G
HG00607	Male	NRES	1000G
HG00608	Female	NRES	1000G
HG00610	Male	NRES	1000G
HG00611	Female	NRES	1000G
HG00613	Male	NRES	1000G
HG00614	Female	NRES	1000G
HG00619	Male	NRES	1000G
HG00620	Female	NRES	1000G
HG00622	Male	NRES	1000G
HG00623	Female	NRES	1000G
HG00625	Male	NRES	1000G
HG00626	Female	NRES	1000G
HG00628	Male	NRES	1000G
HG00629	Female	NRES	1000G
HG00631	Male	NRES	1000G
HG00632	Female	NRES	1000G
HG00634	Male	NRES	1000G
HG00637	Male	NRES	1000G
HG00638	Female	NRES	1000G
HG00640	Male	NRES	1000G
HG00641	Female	NRES	1000G
HG00650	Male	NRES	1000G
HG00651	Female	NRES	1000G
HG00653	Male	NRES	1000G
HG00654	Female	NRES	1000G
HG00656	Male	NRES	1000G
HG00657	Female	NRES	1000G
HG00662	Male	NRES	1000G
HG00663	Female	NRES	1000G
HG00671	Male	NRES	1000G
HG00672	Female	NRES	1000G
HG00674	Male	NRES	1000G
HG00675	Female	NRES	1000G
HG00683	Male	NRES	1000G
HG00684	Female	NRES	1000G
HG00689	Male	NRES	1000G
HG00690	Female	NRES	1000G
HG00692	Male	NRES	1000G
HG00693	Female	NRES	1000G
HG00698	Male	NRES	1000G
HG00699	Female	NRES	1000G
HG00701	Male	NRES	1000G
HG00704	Male	NRES	1000G
HG00705	Female	NRES	1000G
HG00707	Male	NRES	1000G
HG00708	Female	NRES	1000G
HG00717	Female	NRES	1000G
HG00728	Male	NRES	1000G
HG00729	Female	NRES	1000G
HG00731	Male	NRES	1000G
HG00732	Female	NRES	1000G
HG00734	Female	NRES	1000G
HG00736	Male	NRES	1000G
HG00737	Female	NRES	1000G
HG00739	Male	NRES	1000G
HG00740	Female	NRES	1000G
HG00742	Male	NRES	1000G
HG00743	Female	NRES	1000G
HG00759	Female	NRES	1000G
HG00766	Female	NRES	1000G
HG00844	Male	NRES	1000G
HG00851	Female	NRES	1000G
HG00864	Female	NRES	1000G
HG00867	Female	NRES	1000G
HG00879	Female	NRES	1000G
HG00881	Male	NRES	1000G
HG00956	Female	NRES	1000G
HG00978	Female	NRES	1000G
HG00982	Male	NRES	1000G
HG01028	Male	NRES	1000G
HG01029	Female	NRES	1000G
HG01031	Male	NRES	1000G
HG01046	Female	NRES	1000G
HG01047	Male	NRES	1000G
HG01048	Male	NRES	1000G
HG01049	Female	NRES	1000G
HG01051	Male	NRES	1000G
HG01052	Female	NRES	1000G
HG01054	Male	NRES	1000G
HG01055	Female	NRES	1000G
HG01058	Female	NRES	1000G
HG01060	Male	NRES	1000G
HG01061	Female	NRES	1000G
HG01063	Male	NRES	1000G
HG01064	Female	NRES	1000G
HG01066	Male	NRES	1000G
HG01067	Female	NRES	1000G
HG01069	Male	NRES	1000G
HG01070	Female	NRES	1000G
HG01072	Male	NRES	1000G
HG01073	Female	NRES	1000G
HG01075	Male	NRES	1000G
HG01077	Female	NRES	1000G
HG01079	Male	NRES	1000G
HG01080	Female	NRES	1000G
HG01082	Male	NRES	1000G
HG01083	Female	NRES	1000G
HG01085	Male	NRES	1000G
HG01086	Female	NRES	1000G
HG01088	Male	NRES	1000G
HG01089	Female	NRES	1000G
HG01092	Female	NRES	1000G
HG01094	Male	NRES	1000G
HG01095	Female	NRES	1000G
HG01097	Male	NRES	1000G
HG01098	Female	NRES	1000G
HG01101	Male	NRES	1000G
HG01102	Female	NRES	1000G
HG01104	Male	NRES	1000G
HG01105	Female	NRES	1000G
HG01107	Male	NRES	1000G
HG01108	Female	NRES	1000G
HG01110	Male	NRES	1000G
HG01111	Female	NRES	1000G
HG01112	Male	NRES	1000G
HG01113	Female	NRES	1000G
HG01119	Female	NRES	1000G
HG01121	Male	NRES	1000G
HG01122	Female	NRES	1000G
HG01124	Male	NRES	1000G
HG01125	Female	NRES	1000G
HG01130	Male	NRES	1000G
HG01131	Female	NRES	1000G
HG01133	Male	NRES	1000G
HG01134	Female	NRES	1000G
HG01136	Male	NRES	1000G
HG01137	Female	NRES	1000G
HG01139	Male	NRES	1000G
HG01140	Female	NRES	1000G
HG01142	Male	NRES	1000G
HG01148	Male	NRES	1000G
HG01149	Female	NRES	1000G
HG01161	Male	NRES	1000G
HG01162	Female	NRES	1000G
HG01164	Male	NRES	1000G
HG01167	Male	NRES	1000G
HG01168	Female	NRES	1000G
HG01170	Male	NRES	1000G
HG01171	Female	NRES	1000G
HG01173	Male	NRES	1000G
HG01174	Female	NRES	1000G
HG01176	Male	NRES	1000G
HG01177	Female	NRES	1000G
HG01182	Male	NRES	1000G
HG01183	Female	NRES	1000G
HG01187	Male	NRES	1000G
HG01188	Female	NRES	1000G
HG01190	Male	NRES	1000G
HG01191	Female	NRES	1000G
HG01197	Male	NRES	1000G
HG01198	Female	NRES	1000G
HG01200	Male	NRES	1000G
HG01204	Male	NRES	1000G
HG01205	Female	NRES	1000G
HG01241	Male	NRES	1000G
HG01242	Female	NRES	1000G
HG01247	Male	NRES	1000G
HG01248	Female	NRES	1000G
HG01250	Male	NRES	1000G
HG01251	Female	NRES	1000G
HG01253	Male	NRES	1000G
HG01254	Female	NRES	1000G
HG01256	Male	NRES	1000G
HG01257	Female	NRES	1000G
HG01259	Male	NRES	1000G
HG01260	Female	NRES	1000G
HG01269	Female	NRES	1000G
HG01271	Male	NRES	1000G
HG01272	Female	NRES	1000G
HG01275	Female	NRES	1000G
HG01277	Male	NRES	1000G
HG01280	Male	NRES	1000G
HG01281	Female	NRES	1000G
HG01284	Female	NRES	1000G
HG01286	Male	NRES	1000G
HG01302	Male	NRES	1000G
HG01303	Female	NRES	1000G
HG01305	Male	NRES	1000G
HG01308	Male	NRES	1000G
HG01311	Male	NRES	1000G
HG01312	Female	NRES	1000G
HG01323	Female	NRES	1000G
HG01325	Male	NRES	1000G
HG01326	Female	NRES	1000G
HG01334	Male	NRES	1000G
HG01341	Male	NRES	1000G
HG01342	Female	NRES	1000G
HG01344	Male	NRES	1000G
HG01345	Female	NRES	1000G
HG01348	Female	NRES	1000G
HG01350	Male	NRES	1000G
HG01351	Female	NRES	1000G
HG01353	Male	NRES	1000G
HG01354	Female	NRES	1000G
HG01356	Male	NRES	1000G
HG01357	Female	NRES	1000G
HG01359	Male	NRES	1000G
HG01360	Female	NRES	1000G
HG01362	Male	NRES	1000G
HG01363	Female	NRES	1000G
HG01365	Male	NRES	1000G
HG01366	Female	NRES	1000G
HG01369	Female	NRES	1000G
HG01372	Female	NRES	1000G
HG01374	Male	NRES	1000G
HG01375	Female	NRES	1000G
HG01377	Male	NRES	1000G
HG01378	Female	NRES	1000G
HG01383	Male	NRES	1000G
HG01384	Female	NRES	1000G
HG01389	Male	NRES	1000G
HG01390	Female	NRES	1000G
HG01392	Male	NRES	1000G
HG01393	Female	NRES	1000G
HG01395	Male	NRES	1000G
HG01396	Female	NRES	1000G
HG01398	Male	NRES	1000G
HG01402	Male	NRES	1000G
HG01403	Female	NRES	1000G
HG01405	Male	NRES	1000G
HG01412	Male	NRES	1000G
HG01413	Male	NRES	1000G
HG01414	Female	NRES	1000G
HG01431	Male	NRES	1000G
HG01432	Female	NRES	1000G
HG01435	Female	NRES	1000G
HG01437	Male	NRES	1000G
HG01438	Female	NRES	1000G
HG01440	Male	NRES	1000G
HG01441	Female	NRES	1000G
HG01443	Male	NRES	1000G
HG01444	Female	NRES	1000G
HG01447	Female	NRES	1000G
HG01455	Male	NRES	1000G
HG01456	Female	NRES	1000G
HG01459	Female	NRES	1000G
HG01461	Male	NRES	1000G
HG01462	Female	NRES	1000G
HG01464	Male	NRES	1000G
HG01465	Female	NRES	1000G
HG01468	Female	NRES	1000G
HG01474	Female	NRES	1000G
HG01479	Male	NRES	1000G
HG01485	Male	NRES	1000G
HG01486	Female	NRES	1000G
HG01488	Male	NRES	1000G
HG01489	Female	NRES	1000G
HG01491	Male	NRES	1000G
HG01492	Female	NRES	1000G
HG01494	Male	NRES	1000G
HG01495	Female	NRES	1000G
HG01497	Male	NRES	1000G
HG01498	Female	NRES	1000G
HG01500	Male	NRES	1000G
HG01501	Female	NRES	1000G
HG01503	Male	NRES	1000G
HG01504	Female	NRES	1000G
HG01506	Male	NRES	1000G
HG01507	Female	NRES	1000G
HG01509	Male	NRES	1000G
HG01510	Female	NRES	1000G
HG01512	Male	NRES	1000G
HG01513	Female	NRES	1000G
HG01515	Male	NRES	1000G
HG01516	Female	NRES	1000G
HG01518	Male	NRES	1000G
HG01519	Female	NRES	1000G
HG01521	Male	NRES	1000G
HG01522	Female	NRES	1000G
HG01524	Male	NRES	1000G
HG01525	Female	NRES	1000G
HG01527	Male	NRES	1000G
HG01528	Female	NRES	1000G
HG01530	Male	NRES	1000G
HG01531	Female	NRES	1000G
HG01536	Male	NRES	1000G
HG01537	Female	NRES	1000G
HG01550	Male	NRES	1000G
HG01551	Female	NRES	1000G
HG01556	Male	NRES	1000G
HG01565	Male	NRES	1000G
HG01566	Female	NRES	1000G
HG01571	Male	NRES	1000G
HG01572	Female	NRES	1000G
HG01577	Male	NRES	1000G
HG01578	Female	NRES	1000G
HG01583	Male	NRES	1000G
HG01586	Male	NRES	1000G
HG01589	Male	NRES	1000G
HG01593	Female	NRES	1000G
HG01595	Female	NRES	1000G
HG01596	Male	NRES	1000G
HG01597	Female	NRES	1000G
HG01598	Female	NRES	1000G
HG01599	Female	NRES	1000G
HG01600	Female	NRES	1000G
HG01602	Female	NRES	1000G
HG01603	Male	NRES	1000G
HG01605	Female	NRES	1000G
HG01606	Male	NRES	1000G
HG01607	Female	NRES	1000G
HG01608	Male	NRES	1000G
HG01610	Male	NRES	1000G
HG01612	Female	NRES	1000G
HG01613	Female	NRES	1000G
HG01615	Male	NRES	1000G
HG01617	Male	NRES	1000G
HG01618	Female	NRES	1000G
HG01619	Male	NRES	1000G
HG01620	Female	NRES	1000G
HG01623	Female	NRES	1000G
HG01624	Male	NRES	1000G
HG01625	Male	NRES	1000G
HG01626	Female	NRES	1000G
HG01628	Female	NRES	1000G
HG01630	Male	NRES	1000G
HG01631	Male	NRES	1000G
HG01632	Female	NRES	1000G
HG01668	Female	NRES	1000G
HG01669	Male	NRES	1000G
HG01670	Female	NRES	1000G
HG01672	Male	NRES	1000G
HG01673	Female	NRES	1000G
HG01675	Male	NRES	1000G
HG01676	Female	NRES	1000G
HG01678	Male	NRES	1000G
HG01679	Female	NRES	1000G
HG01680	Male	NRES	1000G
HG01682	Male	NRES	1000G
HG01684	Female	NRES	1000G
HG01685	Female	NRES	1000G
HG01686	Male	NRES	1000G
HG01694	Male	NRES	1000G
HG01695	Female	NRES	1000G
HG01697	Female	NRES	1000G
HG01699	Male	NRES	1000G
HG01700	Male	NRES	1000G
HG01702	Female	NRES	1000G
HG01704	Female	NRES	1000G
HG01705	Male	NRES	1000G
HG01707	Female	NRES	1000G
HG01708	Male	NRES	1000G
HG01709	Male	NRES	1000G
HG01710	Female	NRES	1000G
HG01746	Female	NRES	1000G
HG01747	Male	NRES	1000G
HG01756	Male	NRES	1000G
HG01757	Female	NRES	1000G
HG01761	Male	NRES	1000G
HG01762	Female	NRES	1000G
HG01765	Male	NRES	1000G
HG01766	Female	NRES	1000G
HG01767	Male	NRES	1000G
HG01768	Female	NRES	1000G
HG01770	Female	NRES	1000G
HG01771	Male	NRES	1000G
HG01773	Female	NRES	1000G
HG01775	Male	NRES	1000G
HG01776	Female	NRES	1000G
HG01777	Male	NRES	1000G
HG01779	Female	NRES	1000G
HG01781	Male	NRES	1000G
HG01783	Male	NRES	1000G
HG01784	Female	NRES	1000G
HG01785	Male	NRES	1000G
HG01786	Female	NRES	1000G
HG01789	Male	NRES	1000G
HG01790	Female	NRES	1000G
HG01791	Male	NRES	1000G
HG01794	Female	NRES	1000G
HG01795	Female	NRES	1000G
HG01796	Female	NRES	1000G
HG01797	Female	NRES	1000G
HG01798	Female	NRES	1000G
HG01799	Female	NRES	1000G
HG01800	Female	NRES	1000G
HG01801	Female	NRES	1000G
HG01802	Female	NRES	1000G
HG01804	Female	NRES	1000G
HG01805	Female	NRES	1000G
HG01806	Female	NRES	1000G
HG01807	Female	NRES	1000G
HG01808	Female	NRES	1000G
HG01809	Female	NRES	1000G
HG01810	Male	NRES	1000G
HG01811	Male	NRES	1000G
HG01812	Female	NRES	1000G
HG01813	Female	NRES	1000G
HG01815	Female	NRES	1000G
HG01816	Male	NRES	1000G
HG01817	Female	NRES	1000G
HG01840	Male	NRES	1000G
HG01841	Female	NRES	1000G
HG01842	Male	NRES	1000G
HG01843	Female	NRES	1000G
HG01844	Male	NRES	1000G
HG01845	Female	NRES	1000G
HG01846	Male	NRES	1000G
HG01847	Female	NRES	1000G
HG01848	Female	NRES	1000G
HG01849	Male	NRES	1000G
HG01850	Female	NRES	1000G
HG01851	Female	NRES	1000G
HG01852	Male	NRES	1000G
HG01853	Female	NRES	1000G
HG01855	Female	NRES	1000G
HG01857	Female	NRES	1000G
HG01858	Female	NRES	1000G
HG01859	Female	NRES	1000G
HG01860	Male	NRES	1000G
HG01861	Male	NRES	1000G
HG01862	Female	NRES	1000G
HG01863	Female	NRES	1000G
HG01864	Male	NRES	1000G
HG01865	Male	NRES	1000G
HG01866	Male	NRES	1000G
HG01867	Male	NRES	1000G
HG01868	Female	NRES	1000G
HG01869	Female	NRES	1000G
HG01870	Female	NRES	1000G
HG01871	Female	NRES	1000G
HG01872	Male	NRES	1000G
HG01873	Male	NRES	1000G
HG01874	Female	NRES	1000G
HG01878	Female	NRES	1000G
HG01879	Male	NRES	1000G
HG01880	Female	NRES	1000G
HG01882	Male	NRES	1000G
HG01883	Female	NRES	1000G
HG01885	Male	NRES	1000G
HG01886	Female	NRES	1000G
HG01889	Female	NRES	1000G
HG01890	Male	NRES	1000G
HG01892	Male	NRES	1000G
HG01893	Female	NRES	1000G
HG01894	Female	NRES	1000G
HG01896	Female	NRES	1000G
HG01912	Male	NRES	1000G
HG01914	Male	NRES	1000G
HG01915	Female	NRES	1000G
HG01917	Male	NRES	1000G
HG01918	Female	NRES	1000G
HG01920	Male	NRES	1000G
HG01921	Female	NRES	1000G
HG01923	Male	NRES	1000G
HG01924	Female	NRES	1000G
HG01926	Male	NRES	1000G
HG01927	Female	NRES	1000G
HG01932	Male	NRES	1000G
HG01933	Female	NRES	1000G
HG01935	Male	NRES	1000G
HG01936	Female	NRES	1000G
HG01938	Male	NRES	1000G
HG01939	Female	NRES	1000G
HG01941	Male	NRES	1000G
HG01942	Female	NRES	1000G
HG01944	Male	NRES	1000G
HG01945	Female	NRES	1000G
HG01947	Male	NRES	1000G
HG01948	Female	NRES	1000G
HG01950	Male	NRES	1000G
HG01951	Female	NRES	1000G
HG01953	Male	NRES	1000G
HG01954	Female	NRES	1000G
HG01956	Female	NRES	1000G
HG01958	Female	NRES	1000G
HG01961	Male	NRES	1000G
HG01965	Female	NRES	1000G
HG01967	Male	NRES	1000G
HG01968	Female	NRES	1000G
HG01970	Male	NRES	1000G
HG01971	Female	NRES	1000G
HG01973	Female	NRES	1000G
HG01974	Male	NRES	1000G
HG01976	Female	NRES	1000G
HG01977	Male	NRES	1000G
HG01979	Male	NRES	1000G
HG01980	Female	NRES	1000G
HG01982	Male	NRES	1000G
HG01985	Female	NRES	1000G
HG01986	Male	NRES	1000G
HG01988	Male	NRES	1000G
HG01989	Female	NRES	1000G
HG01990	Male	NRES	1000G
HG01991	Male	NRES	1000G
HG01992	Female	NRES	1000G
HG01997	Female	NRES	1000G
HG02002	Male	NRES	1000G
HG02003	Female	NRES	1000G
HG02006	Female	NRES	1000G
HG02008	Male	NRES	1000G
HG02009	Male	NRES	1000G
HG02010	Female	NRES	1000G
HG02012	Female	NRES	1000G
HG02013	Male	NRES	1000G
HG02014	Male	NRES	1000G
HG02016	Female	NRES	1000G
HG02017	Male	NRES	1000G
HG02019	Female	NRES	1000G
HG02020	Male	NRES	1000G
HG02023	Male	NRES	1000G
HG02025	Female	NRES	1000G
HG02026	Male	NRES	1000G
HG02028	Female	NRES	1000G
HG02029	Male	NRES	1000G
HG02031	Female	NRES	1000G
HG02032	Male	NRES	1000G
HG02035	Male	NRES	1000G
HG02040	Male	NRES	1000G
HG02047	Male	NRES	1000G
HG02048	Female	NRES	1000G
HG02049	Female	NRES	1000G
HG02050	Male	NRES	1000G
HG02051	Male	NRES	1000G
HG02052	Female	NRES	1000G
HG02053	Male	NRES	1000G
HG02054	Female	NRES	1000G
HG02057	Female	NRES	1000G
HG02058	Male	NRES	1000G
HG02060	Female	NRES	1000G
HG02061	Male	NRES	1000G
HG02064	Male	NRES	1000G
HG02067	Male	NRES	1000G
HG02069	Female	NRES	1000G
HG02070	Male	NRES	1000G
HG02072	Female	NRES	1000G
HG02073	Male	NRES	1000G
HG02075	Female	NRES	1000G
HG02076	Male	NRES	1000G
HG02078	Female	NRES	1000G
HG02079	Male	NRES	1000G
HG02081	Female	NRES	1000G
HG02082	Male	NRES	1000G
HG02084	Female	NRES	1000G
HG02085	Male	NRES	1000G
HG02086	Female	NRES	1000G
HG02087	Female	NRES	1000G
HG02088	Male	NRES	1000G
HG02089	Female	NRES	1000G
HG02090	Male	NRES	1000G
HG02095	Female	NRES	1000G
HG02102	Female	NRES	1000G
HG02104	Male	NRES	1000G
HG02105	Female	NRES	1000G
HG02107	Male	NRES	1000G
HG02108	Female	NRES	1000G
HG02111	Female	NRES	1000G
HG02113	Female	NRES	1000G
HG02116	Male	NRES	1000G
HG02121	Female	NRES	1000G
HG02122	Male	NRES	1000G
HG02127	Female	NRES	1000G
HG02128	Male	NRES	1000G
HG02130	Female	NRES	1000G
HG02131	Male	NRES	1000G
HG02133	Female	NRES	1000G
HG02134	Male	NRES	1000G
HG02136	Female	NRES	1000G
HG02137	Male	NRES	1000G
HG02138	Male	NRES	1000G
HG02139	Female	NRES	1000G
HG02140	Female	NRES	1000G
HG02141	Male	NRES	1000G
HG02142	Female	NRES	1000G
HG02143	Male	NRES	1000G
HG02144	Female	NRES	1000G
HG02146	Male	NRES	1000G
HG02147	Female	NRES	1000G
HG02150	Male	NRES	1000G
HG02151	Female	NRES	1000G
HG02152	Female	NRES	1000G
HG02153	Female	NRES	1000G
HG02154	Female	NRES	1000G
HG02155	Female	NRES	1000G
HG02156	Female	NRES	1000G
HG02164	Female	NRES	1000G
HG02165	Female	NRES	1000G
HG02166	Female	NRES	1000G
HG02178	Female	NRES	1000G
HG02179	Female	NRES	1000G
HG02180	Female	NRES	1000G
HG02181	Female	NRES	1000G
HG02182	Female	NRES	1000G
HG02184	Female	NRES	1000G
HG02185	Female	NRES	1000G
HG02186	Female	NRES	1000G
HG02187	Female	NRES	1000G
HG02188	Female	NRES	1000G
HG02190	Female	NRES	1000G
HG02215	Female	NRES	1000G
HG02219	Male	NRES	1000G
HG02220	Female	NRES	1000G
HG02221	Male	NRES	1000G
HG02223	Female	NRES	1000G
HG02224	Male	NRES	1000G
HG02230	Female	NRES	1000G
HG02231	Male	NRES	1000G
HG02232	Female	NRES	1000G
HG02233	Male	NRES	1000G
HG02235	Female	NRES	1000G
HG02236	Male	NRES	1000G
HG02238	Male	NRES	1000G
HG02239	Female	NRES	1000G
HG02250	Male	NRES	1000G
HG02252	Female	NRES	1000G
HG02253	Male	NRES	1000G
HG02255	Male	NRES	1000G
HG02256	Female	NRES	1000G
HG02259	Male	NRES	1000G
HG02260	Female	NRES	1000G
HG02262	Male	NRES	1000G
HG02265	Male	NRES	1000G
HG02266	Female	NRES	1000G
HG02271	Male	NRES	1000G
HG02272	Female	NRES	1000G
HG02274	Male	NRES	1000G
HG02275	Female	NRES	1000G
HG02277	Male	NRES	1000G
HG02278	Female	NRES	1000G
HG02281	Male	NRES	1000G
HG02282	Female	NRES	1000G
HG02283	Male	NRES	1000G
HG02284	Male	NRES	1000G
HG02285	Male	NRES	1000G
HG02286	Female	NRES	1000G
HG02291	Male	NRES	1000G
HG02292	Female	NRES	1000G
HG02298	Female	NRES	1000G
HG02299	Male	NRES	1000G
HG02301	Female	NRES	1000G
HG02304	Male	NRES	1000G
HG02307	Male	NRES	1000G
HG02308	Female	NRES	1000G
HG02309	Female	NRES	1000G
HG02312	Female	NRES	1000G
HG02314	Male	NRES	1000G
HG02315	Female	NRES	1000G
HG02317	Male	NRES	1000G
HG02318	Female	NRES	1000G
HG02322	Female	NRES	1000G
HG02323	Male	NRES	1000G
HG02325	Female	NRES	1000G
HG02330	Male	NRES	1000G
HG02332	Male	NRES	1000G
HG02334	Male	NRES	1000G
HG02337	Female	NRES	1000G
HG02339	Female	NRES	1000G
HG02343	Male	NRES	1000G
HG02345	Female	NRES	1000G
HG02348	Female	NRES	1000G
HG02351	Male	NRES	1000G
HG02353	Male	NRES	1000G
HG02355	Male	NRES	1000G
HG02356	Male	NRES	1000G
HG02360	Male	NRES	1000G
HG02364	Male	NRES	1000G
HG02367	Male	NRES	1000G
HG02371	Male	NRES	1000G
HG02373	Male	NRES	1000G
HG02374	Male	NRES	1000G
HG02375	Male	NRES	1000G
HG02379	Male	NRES	1000G
HG02380	Male	NRES	1000G
HG02382	Male	NRES	1000G
HG02383	Male	NRES	1000G
HG02384	Male	NRES	1000G
HG02385	Male	NRES	1000G
HG02386	Male	NRES	1000G
HG02389	Male	NRES	1000G
HG02390	Male	NRES	1000G
HG02391	Male	NRES	1000G
HG02392	Male	NRES	1000G
HG02394	Male	NRES	1000G
HG02395	Male	NRES	1000G
HG02396	Male	NRES	1000G
HG02397	Male	NRES	1000G
HG02398	Male	NRES	1000G
HG02399	Male	NRES	1000G
HG02401	Male	NRES	1000G
HG02402	Male	NRES	1000G
HG02406	Male	NRES	1000G
HG02407	Male	NRES	1000G
HG02408	Male	NRES	1000G
HG02409	Male	NRES	1000G
HG02410	Male	NRES	1000G
HG02419	Female	NRES	1000G
HG02420	Male	NRES	1000G
HG02425	Female	NRES	1000G
HG02427	Female	NRES	1000G
HG02429	Male	NRES	1000G
HG02433	Male	NRES	1000G
HG02439	Male	NRES	1000G
HG02442	Male	NRES	1000G
HG02445	Male	NRES	1000G
HG02449	Male	NRES	1000G
HG02450	Female	NRES	1000G
HG02455	Male	NRES	1000G
HG02461	Male	NRES	1000G
HG02462	Female	NRES	1000G
HG02464	Male	NRES	1000G
HG02465	Female	NRES	1000G
HG02470	Male	NRES	1000G
HG02471	Female	NRES	1000G
HG02476	Female	NRES	1000G
HG02477	Female	NRES	1000G
HG02479	Female	NRES	1000G
HG02481	Male	NRES	1000G
HG02484	Male	NRES	1000G
HG02485	Female	NRES	1000G
HG02489	Male	NRES	1000G
HG02490	Male	NRES	1000G
HG02491	Female	NRES	1000G
HG02493	Male	NRES	1000G
HG02494	Female	NRES	1000G
HG02496	Male	NRES	1000G
HG02497	Female	NRES	1000G
HG02501	Male	NRES	1000G
HG02502	Female	NRES	1000G
HG02505	Female	NRES	1000G
HG02508	Female	NRES	1000G
HG02511	Female	NRES	1000G
HG02512	Male	NRES	1000G
HG02513	Female	NRES	1000G
HG02521	Male	NRES	1000G
HG02522	Female	NRES	1000G
HG02536	Male	NRES	1000G
HG02537	Female	NRES	1000G
HG02541	Male	NRES	1000G
HG02545	Male	NRES	1000G
HG02546	Female	NRES	1000G
HG02549	Female	NRES	1000G
HG02554	Male	NRES	1000G
HG02555	Female	NRES	1000G
HG02557	Male	NRES	1000G
HG02558	Female	NRES	1000G
HG02561	Male	NRES	1000G
HG02562	Female	NRES	1000G
HG02568	Female	NRES	1000G
HG02570	Male	NRES	1000G
HG02571	Female	NRES	1000G
HG02573	Male	NRES	1000G
HG02574	Female	NRES	1000G
HG02577	Female	NRES	1000G
HG02580	Female	NRES	1000G
HG02582	Male	NRES	1000G
HG02583	Female	NRES	1000G
HG02585	Male	NRES	1000G
HG02586	Female	NRES	1000G
HG02588	Male	NRES	1000G
HG02589	Female	NRES	1000G
HG02594	Male	NRES	1000G
HG02595	Female	NRES	1000G
HG02597	Male	NRES	1000G
HG02600	Male	NRES	1000G
HG02601	Female	NRES	1000G
HG02603	Male	NRES	1000G
HG02604	Female	NRES	1000G
HG02610	Male	NRES	1000G
HG02611	Female	NRES	1000G
HG02613	Male	NRES	1000G
HG02614	Female	NRES	1000G
HG02620	Male	NRES	1000G
HG02621	Female	NRES	1000G
HG02623	Male	NRES	1000G
HG02624	Female	NRES	1000G
HG02628	Male	NRES	1000G
HG02629	Female	NRES	1000G
HG02634	Male	NRES	1000G
HG02635	Female	NRES	1000G
HG02642	Male	NRES	1000G
HG02643	Female	NRES	1000G
HG02645	Male	NRES	1000G
HG02646	Female	NRES	1000G
HG02648	Male	NRES	1000G
HG02649	Female	NRES	1000G
HG02651	Male	NRES	1000G
HG02652	Female	NRES	1000G
HG02654	Male	NRES	1000G
HG02655	Female	NRES	1000G
HG02657	Male	NRES	1000G
HG02658	Female	NRES	1000G
HG02660	Male	NRES	1000G
HG02661	Female	NRES	1000G
HG02666	Male	NRES	1000G
HG02667	Female	NRES	1000G
HG02675	Male	NRES	1000G
HG02676	Female	NRES	1000G
HG02678	Male	NRES	1000G
HG02679	Female	NRES	1000G
HG02681	Male	NRES	1000G
HG02682	Female	NRES	1000G
HG02684	Male	NRES	1000G
HG02685	Female	NRES	1000G
HG02687	Male	NRES	1000G
HG02688	Female	NRES	1000G
HG02690	Male	NRES	1000G
HG02691	Female	NRES	1000G
HG02694	Female	NRES	1000G
HG02696	Male	NRES	1000G
HG02697	Female	NRES	1000G
HG02699	Male	NRES	1000G
HG02700	Female	NRES	1000G
HG02702	Male	NRES	1000G
HG02703	Female	NRES	1000G
HG02715	Male	NRES	1000G
HG02716	Female	NRES	1000G
HG02721	Male	NRES	1000G
HG02722	Female	NRES	1000G
HG02724	Male	NRES	1000G
HG02725	Female	NRES	1000G
HG02727	Male	NRES	1000G
HG02728	Female	NRES	1000G
HG02731	Female	NRES	1000G
HG02733	Male	NRES	1000G
HG02734	Female	NRES	1000G
HG02736	Male	NRES	1000G
HG02737	Female	NRES	1000G
HG02756	Male	NRES	1000G
HG02757	Female	NRES	1000G
HG02759	Male	NRES	1000G
HG02760	Female	NRES	1000G
HG02763	Female	NRES	1000G
HG02768	Male	NRES	1000G
HG02769	Female	NRES	1000G
HG02771	Male	NRES	1000G
HG02772	Female	NRES	1000G
HG02774	Male	NRES	1000G
HG02775	Female	NRES	1000G
HG02778	Female	NRES	1000G
HG02780	Male	NRES	1000G
HG02783	Male	NRES	1000G
HG02784	Female	NRES	1000G
HG02786	Male	NRES	1000G
HG02787	Female	NRES	1000G
HG02789	Male	NRES	1000G
HG02790	Female	NRES	1000G
HG02792	Male	NRES	1000G
HG02793	Female	NRES	1000G
HG02798	Male	NRES	1000G
HG02799	Female	NRES	1000G
HG02804	Male	NRES	1000G
HG02805	Female	NRES	1000G
HG02807	Male	NRES	1000G
HG02808	Female	NRES	1000G
HG02810	Male	NRES	1000G
HG02811	Female	NRES	1000G
HG02813	Male	NRES	1000G
HG02814	Female	NRES	1000G
HG02816	Male	NRES	1000G
HG02817	Female	NRES	1000G
HG02819	Male	NRES	1000G
HG02820	Female	NRES	1000G
HG02836	Male	NRES	1000G
HG02837	Female	NRES	1000G
HG02839	Male	NRES	1000G
HG02840	Female	NRES	1000G
HG02851	Male	NRES	1000G
HG02852	Female	NRES	1000G
HG02854	Male	NRES	1000G
HG02855	Female	NRES	1000G
HG02860	Male	NRES	1000G
HG02861	Female	NRES	1000G
HG02870	Female	NRES	1000G
HG02878	Male	NRES	1000G
HG02879	Female	NRES	1000G
HG02881	Male	NRES	1000G
HG02882	Female	NRES	1000G
HG02884	Male	NRES	1000G
HG02885	Female	NRES	1000G
HG02887	Male	NRES	1000G
HG02888	Female	NRES	1000G
HG02890	Male	NRES	1000G
HG02891	Female	NRES	1000G
HG02895	Male	NRES	1000G
HG02896	Female	NRES	1000G
HG02922	Female	NRES	1000G
HG02923	Male	NRES	1000G
HG02938	Male	NRES	1000G
HG02941	Male	NRES	1000G
HG02943	Female	NRES	1000G
HG02944	Male	NRES	1000G
HG02946	Female	NRES	1000G
HG02947	Male	NRES	1000G
HG02952	Female	NRES	1000G
HG02953	Male	NRES	1000G
HG02968	Male	NRES	1000G
HG02970	Female	NRES	1000G
HG02971	Male	NRES	1000G
HG02973	Male	NRES	1000G
HG02974	Female	NRES	1000G
HG02976	Female	NRES	1000G
HG02977	Male	NRES	1000G
HG02979	Female	NRES	1000G
HG02981	Male	NRES	1000G
HG02982	Male	NRES	1000G
HG02983	Female	NRES	1000G
HG03006	Male	NRES	1000G
HG03007	Female	NRES	1000G
HG03009	Male	NRES	1000G
HG03012	Male	NRES	1000G
HG03015	Male	NRES	1000G
HG03016	Female	NRES	1000G
HG03018	Male	NRES	1000G
HG03019	Female	NRES	1000G
HG03021	Male	NRES	1000G
HG03022	Female	NRES	1000G
HG03024	Male	NRES	1000G
HG03025	Female	NRES	1000G
HG03027	Male	NRES	1000G
HG03028	Female	NRES	1000G
HG03039	Male	NRES	1000G
HG03040	Female	NRES	1000G
HG03045	Male	NRES	1000G
HG03046	Female	NRES	1000G
HG03048	Male	NRES	1000G
HG03049	Female	NRES	1000G
HG03052	Female	NRES	1000G
HG03054	Male	NRES	1000G
HG03055	Female	NRES	1000G
HG03057	Male	NRES	1000G
HG03058	Female	NRES	1000G
HG03060	Male	NRES	1000G
HG03061	Female	NRES	1000G
HG03063	Male	NRES	1000G
HG03064	Female	NRES	1000G
HG03066	Male	NRES	1000G
HG03069	Male	NRES	1000G
HG03072	Male	NRES	1000G
HG03073	Female	NRES	1000G
HG03074	Male	NRES	1000G
HG03077	Male	NRES	1000G
HG03078	Male	NRES	1000G
HG03079	Female	NRES	1000G
HG03081	Male	NRES	1000G
HG03082	Female	NRES	1000G
HG03084	Male	NRES	1000G
HG03085	Female	NRES	1000G
HG03086	Female	NRES	1000G
HG03088	Female	NRES	1000G
HG03091	Female	NRES	1000G
HG03095	Female	NRES	1000G
HG03096	Male	NRES	1000G
HG03097	Female	NRES	1000G
HG03099	Female	NRES	1000G
HG03100	Male	NRES	1000G
HG03103	Male	NRES	1000G
HG03105	Female	NRES	1000G
HG03108	Female	NRES	1000G
HG03109	Male	NRES	1000G
HG03111	Female	NRES	1000G
HG03112	Male	NRES	1000G
HG03114	Female	NRES	1000G
HG03115	Male	NRES	1000G
HG03117	Female	NRES	1000G
HG03118	Male	NRES	1000G
HG03120	Male	NRES	1000G
HG03121	Female	NRES	1000G
HG03123	Female	NRES	1000G
HG03124	Male	NRES	1000G
HG03126	Female	NRES	1000G
HG03127	Male	NRES	1000G
HG03129	Female	NRES	1000G
HG03130	Male	NRES	1000G
HG03132	Female	NRES	1000G
HG03133	Male	NRES	1000G
HG03135	Female	NRES	1000G
HG03136	Male	NRES	1000G
HG03139	Male	NRES	1000G
HG03157	Male	NRES	1000G
HG03159	Female	NRES	1000G
HG03160	Male	NRES	1000G
HG03162	Female	NRES	1000G
HG03163	Male	NRES	1000G
HG03166	Male	NRES	1000G
HG03168	Female	NRES	1000G
HG03169	Male	NRES	1000G
HG03172	Male	NRES	1000G
HG03175	Male	NRES	1000G
HG03189	Female	NRES	1000G
HG03190	Male	NRES	1000G
HG03193	Male	NRES	1000G
HG03195	Female	NRES	1000G
HG03196	Male	NRES	1000G
HG03198	Female	NRES	1000G
HG03199	Male	NRES	1000G
HG03202	Male	NRES	1000G
HG03209	Male	NRES	1000G
HG03212	Female	NRES	1000G
HG03224	Male	NRES	1000G
HG03225	Male	NRES	1000G
HG03228	Male	NRES	1000G
HG03229	Female	NRES	1000G
HG03234	Male	NRES	1000G
HG03235	Female	NRES	1000G
HG03237	Male	NRES	1000G
HG03238	Female	NRES	1000G
HG03240	Male	NRES	1000G
HG03241	Female	NRES	1000G
HG03246	Male	NRES	1000G
HG03247	Female	NRES	1000G
HG03258	Male	NRES	1000G
HG03259	Female	NRES	1000G
HG03265	Male	NRES	1000G
HG03267	Female	NRES	1000G
HG03268	Male	NRES	1000G
HG03270	Female	NRES	1000G
HG03271	Male	NRES	1000G
HG03279	Female	NRES	1000G
HG03280	Male	NRES	1000G
HG03291	Female	NRES	1000G
HG03294	Female	NRES	1000G
HG03295	Male	NRES	1000G
HG03297	Female	NRES	1000G
HG03298	Male	NRES	1000G
HG03300	Female	NRES	1000G
HG03301	Male	NRES	1000G
HG03303	Female	NRES	1000G
HG03304	Male	NRES	1000G
HG03311	Male	NRES	1000G
HG03313	Male	NRES	1000G
HG03342	Female	NRES	1000G
HG03343	Male	NRES	1000G
HG03351	Female	NRES	1000G
HG03352	Male	NRES	1000G
HG03354	Female	NRES	1000G
HG03363	Female	NRES	1000G
HG03366	Female	NRES	1000G
HG03367	Male	NRES	1000G
HG03369	Female	NRES	1000G
HG03370	Male	NRES	1000G
HG03372	Female	NRES	1000G
HG03376	Male	NRES	1000G
HG03378	Female	NRES	1000G
HG03380	Female	NRES	1000G
HG03382	Male	NRES	1000G
HG03385	Male	NRES	1000G
HG03388	Male	NRES	1000G
HG03391	Male	NRES	1000G
HG03394	Male	NRES	1000G
HG03397	Male	NRES	1000G
HG03401	Female	NRES	1000G
HG03410	Female	NRES	1000G
HG03419	Female	NRES	1000G
HG03428	Female	NRES	1000G
HG03432	Male	NRES	1000G
HG03433	Male	NRES	1000G
HG03436	Male	NRES	1000G
HG03437	Female	NRES	1000G
HG03439	Male	NRES	1000G
HG03442	Male	NRES	1000G
HG03445	Male	NRES	1000G
HG03446	Female	NRES	1000G
HG03449	Female	NRES	1000G
HG03451	Male	NRES	1000G
HG03452	Female	NRES	1000G
HG03455	Female	NRES	1000G
HG03457	Male	NRES	1000G
HG03458	Female	NRES	1000G
HG03460	Male	NRES	1000G
HG03461	Female	NRES	1000G
HG03464	Female	NRES	1000G
HG03469	Male	NRES	1000G
HG03470	Female	NRES	1000G
HG03472	Male	NRES	1000G
HG03473	Female	NRES	1000G
HG03476	Female	NRES	1000G
HG03478	Male	NRES	1000G
HG03479	Female	NRES	1000G
HG03484	Male	NRES	1000G
HG03485	Female	NRES	1000G
HG03488	Female	NRES	1000G
HG03490	Male	NRES	1000G
HG03491	Female	NRES	1000G
HG03499	Female	NRES	1000G
HG03511	Female	NRES	1000G
HG03514	Female	NRES	1000G
HG03515	Male	NRES	1000G
HG03517	Female	NRES	1000G
HG03518	Male	NRES	1000G
HG03520	Female	NRES	1000G
HG03521	Male	NRES	1000G
HG03538	Male	NRES	1000G
HG03539	Female	NRES	1000G
HG03547	Male	NRES	1000G
HG03548	Female	NRES	1000G
HG03556	Male	NRES	1000G
HG03557	Female	NRES	1000G
HG03558	Female	NRES	1000G
HG03559	Male	NRES	1000G
HG03563	Female	NRES	1000G
HG03565	Male	NRES	1000G
HG03567	Female	NRES	1000G
HG03571	Male	NRES	1000G
HG03572	Female	NRES	1000G
HG03575	Female	NRES	1000G
HG03577	Male	NRES	1000G
HG03578	Female	NRES	1000G
HG03583	Female	NRES	1000G
HG03585	Male	NRES	1000G
HG03589	Female	NRES	1000G
HG03593	Male	NRES	1000G
HG03594	Male	NRES	1000G
HG03595	Female	NRES	1000G
HG03598	Female	NRES	1000G
HG03600	Male	NRES	1000G
HG03603	Male	NRES	1000G
HG03604	Female	NRES	1000G
HG03607	Female	NRES	1000G
HG03611	Female	NRES	1000G
HG03615	Male	NRES	1000G
HG03616	Female	NRES	1000G
HG03619	Female	NRES	1000G
HG03624	Male	NRES	1000G
HG03625	Female	NRES	1000G
HG03629	Male	NRES	1000G
HG03631	Female	NRES	1000G
HG03634	Female	NRES	1000G
HG03636	Male	NRES	1000G
HG03640	Female	NRES	1000G
HG03642	Female	NRES	1000G
HG03643	Female	NRES	1000G
HG03644	Male	NRES	1000G
HG03645	Female	NRES	1000G
HG03646	Male	NRES	1000G
HG03649	Male	NRES	1000G
HG03652	Male	NRES	1000G
HG03653	Female	NRES	1000G
HG03660	Male	NRES	1000G
HG03663	Male	NRES	1000G
HG03667	Male	NRES	1000G
HG03668	Female	NRES	1000G
HG03672	Male	NRES	1000G
HG03673	Female	NRES	1000G
HG03679	Male	NRES	1000G
HG03680	Male	NRES	1000G
HG03681	Male	NRES	1000G
HG03684	Female	NRES	1000G
HG03685	Male	NRES	1000G
HG03686	Male	NRES	1000G
HG03687	Male	NRES	1000G
HG03689	Female	NRES	1000G
HG03690	Female	NRES	1000G
HG03691	Male	NRES	1000G
HG03692	Female	NRES	1000G
HG03693	Male	NRES	1000G
HG03694	Male	NRES	1000G
HG03695	Male	NRES	1000G
HG03696	Male	NRES	1000G
HG03697	Male	NRES	1000G
HG03698	Female	NRES	1000G
HG03702	Male	NRES	1000G
HG03703	Female	NRES	1000G
HG03705	Male	NRES	1000G
HG03706	Female	NRES	1000G
HG03708	Male	NRES	1000G
HG03709	Female	NRES	1000G
HG03711	Male	NRES	1000G
HG03713	Male	NRES	1000G
HG03714	Female	NRES	1000G
HG03716	Male	NRES	1000G
HG03717	Female	NRES	1000G
HG03718	Male	NRES	1000G
HG03720	Male	NRES	1000G
HG03722	Female	NRES	1000G
HG03727	Male	NRES	1000G
HG03729	Male	NRES	1000G
HG03730	Female	NRES	1000G
HG03731	Female	NRES	1000G
HG03733	Female	NRES	1000G
HG03736	Female	NRES	1000G
HG03738	Male	NRES	1000G
HG03740	Male	NRES	1000G
HG03741	Female	NRES	1000G
HG03742	Male	NRES	1000G
HG03743	Male	NRES	1000G
HG03744	Male	NRES	1000G
HG03745	Male	NRES	1000G
HG03746	Male	NRES	1000G
HG03750	Male	NRES	1000G
HG03752	Female	NRES	1000G
HG03753	Male	NRES	1000G
HG03754	Female	NRES	1000G
HG03755	Male	NRES	1000G
HG03756	Female	NRES	1000G
HG03757	Female	NRES	1000G
HG03760	Female	NRES	1000G
HG03762	Female	NRES	1000G
HG03765	Female	NRES	1000G
HG03767	Male	NRES	1000G
HG03770	Female	NRES	1000G
HG03771	Male	NRES	1000G
HG03772	Female	NRES	1000G
HG03773	Male	NRES	1000G
HG03774	Female	NRES	1000G
HG03775	Male	NRES	1000G
HG03777	Male	NRES	1000G
HG03778	Male	NRES	1000G
HG03779	Male	NRES	1000G
HG03780	Female	NRES	1000G
HG03781	Female	NRES	1000G
HG03782	Female	NRES	1000G
HG03784	Female	NRES	1000G
HG03785	Male	NRES	1000G
HG03786	Male	NRES	1000G
HG03787	Female	NRES	1000G
HG03788	Male	NRES	1000G
HG03789	Female	NRES	1000G
HG03790	Male	NRES	1000G
HG03792	Male	NRES	1000G
HG03793	Female	NRES	1000G
HG03796	Female	NRES	1000G
HG03800	Male	NRES	1000G
HG03802	Female	NRES	1000G
HG03803	Male	NRES	1000G
HG03805	Female	NRES	1000G
HG03808	Female	NRES	1000G
HG03809	Male	NRES	1000G
HG03812	Male	NRES	1000G
HG03814	Female	NRES	1000G
HG03815	Male	NRES	1000G
HG03817	Female	NRES	1000G
HG03821	Male	NRES	1000G
HG03823	Female	NRES	1000G
HG03824	Male	NRES	1000G
HG03826	Female	NRES	1000G
HG03829	Female	NRES	1000G
HG03830	Male	NRES	1000G
HG03832	Female	NRES	1000G
HG03833	Male	NRES	1000G
HG03836	Female	NRES	1000G
HG03837	Male	NRES	1000G
HG03838	Female	NRES	1000G
HG03844	Male	NRES	1000G
HG03846	Male	NRES	1000G
HG03848	Male	NRES	1000G
HG03849	Female	NRES	1000G
HG03850	Male	NRES	1000G
HG03851	Male	NRES	1000G
HG03854	Male	NRES	1000G
HG03856	Male	NRES	1000G
HG03857	Female	NRES	1000G
HG03858	Female	NRES	1000G
HG03861	Female	NRES	1000G
HG03862	Female	NRES	1000G
HG03863	Female	NRES	1000G
HG03864	Male	NRES	1000G
HG03866	Male	NRES	1000G
HG03867	Male	NRES	1000G
HG03868	Female	NRES	1000G
HG03869	Male	NRES	1000G
HG03870	Male	NRES	1000G
HG03871	Male	NRES	1000G
HG03872	Male	NRES	1000G
HG03873	Female	NRES	1000G
HG03874	Female	NRES	1000G
HG03875	Male	NRES	1000G
HG03882	Female	NRES	1000G
HG03884	Female	NRES	1000G
HG03885	Male	NRES	1000G
HG03886	Female	NRES	1000G
HG03887	Male	NRES	1000G
HG03888	Female	NRES	1000G
HG03890	Male	NRES	1000G
HG03894	Female	NRES	1000G
HG03895	Female	NRES	1000G
HG03896	Male	NRES	1000G
HG03897	Female	NRES	1000G
HG03898	Female	NRES	1000G
HG03899	Male	NRES	1000G
HG03900	Male	NRES	1000G
HG03902	Male	NRES	1000G
HG03905	Male	NRES	1000G
HG03907	Female	NRES	1000G
HG03908	Male	NRES	1000G
HG03910	Female	NRES	1000G
HG03911	Male	NRES	1000G
HG03913	Female	NRES	1000G
HG03914	Male	NRES	1000G
HG03916	Female	NRES	1000G
HG03917	Male	NRES	1000G
HG03919	Female	NRES	1000G
HG03920	Male	NRES	1000G
HG03922	Female	NRES	1000G
HG03925	Female	NRES	1000G
HG03926	Male	NRES	1000G
HG03928	Female	NRES	1000G
HG03931	Female	NRES	1000G
HG03934	Female	NRES	1000G
HG03937	Female	NRES	1000G
HG03940	Female	NRES	1000G
HG03941	Male	NRES	1000G
HG03943	Male	NRES	1000G
HG03944	Female	NRES	1000G
HG03945	Female	NRES	1000G
HG03947	Female	NRES	1000G
HG03949	Female	NRES	1000G
HG03950	Male	NRES	1000G
HG03951	Female	NRES	1000G
HG03953	Male	NRES	1000G
HG03955	Female	NRES	1000G
HG03960	Male	NRES	1000G
HG03963	Male	NRES	1000G
HG03965	Male	NRES	1000G
HG03967	Male	NRES	1000G
HG03968	Female	NRES	1000G
HG03969	Male	NRES	1000G
HG03971	Male	NRES	1000G
HG03973	Female	NRES	1000G
HG03974	Male	NRES	1000G
HG03976	Male	NRES	1000G
HG03977	Female	NRES	1000G
HG03978	Male	NRES	1000G
HG03985	Male	NRES	1000G
HG03986	Female	NRES	1000G
HG03989	Female	NRES	1000G
HG03990	Male	NRES	1000G
HG03991	Male	NRES	1000G
HG03995	Female	NRES	1000G
HG03998	Male	NRES	1000G
HG03999	Male	NRES	1000G
HG04001	Female	NRES	1000G
HG04002	Male	NRES	1000G
HG04003	Male	NRES	1000G
HG04006	Male	NRES	1000G
HG04014	Female	NRES	1000G
HG04015	Male	NRES	1000G
HG04017	Male	NRES	1000G
HG04018	Female	NRES	1000G
HG04019	Male	NRES	1000G
HG04020	Male	NRES	1000G
HG04022	Male	NRES	1000G
HG04023	Male	NRES	1000G
HG04025	Female	NRES	1000G
HG04026	Female	NRES	1000G
HG04029	Female	NRES	1000G
HG04033	Male	NRES	1000G
HG04035	Female	NRES	1000G
HG04038	Female	NRES	1000G
HG04039	Male	NRES	1000G
HG04042	Female	NRES	1000G
HG04047	Female	NRES	1000G
HG04054	Female	NRES	1000G
HG04056	Male	NRES	1000G
HG04059	Female	NRES	1000G
HG04060	Male	NRES	1000G
HG04061	Male	NRES	1000G
HG04062	Female	NRES	1000G
HG04063	Female	NRES	1000G
HG04070	Female	NRES	1000G
HG04075	Female	NRES	1000G
HG04076	Female	NRES	1000G
HG04080	Male	NRES	1000G
HG04090	Female	NRES	1000G
HG04093	Male	NRES	1000G
HG04094	Male	NRES	1000G
HG04096	Male	NRES	1000G
HG04098	Male	NRES	1000G
HG04099	Female	NRES	1000G
HG04100	Male	NRES	1000G
HG04106	Female	NRES	1000G
HG04107	Male	NRES	1000G
HG04118	Female	NRES	1000G
HG04131	Male	NRES	1000G
HG04134	Male	NRES	1000G
HG04140	Male	NRES	1000G
HG04141	Female	NRES	1000G
HG04144	Female	NRES	1000G
HG04146	Male	NRES	1000G
HG04152	Male	NRES	1000G
HG04153	Female	NRES	1000G
HG04155	Male	NRES	1000G
HG04156	Female	NRES	1000G
HG04158	Male	NRES	1000G
HG04159	Female	NRES	1000G
HG04161	Male	NRES	1000G
HG04162	Female	NRES	1000G
HG04164	Male	NRES	1000G
HG04171	Female	NRES	1000G
HG04173	Male	NRES	1000G
HG04176	Male	NRES	1000G
HG04177	Female	NRES	1000G
HG04180	Female	NRES	1000G
HG04182	Male	NRES	1000G
HG04183	Female	NRES	1000G
HG04185	Male	NRES	1000G
HG04186	Female	NRES	1000G
HG04188	Male	NRES	1000G
HG04189	Female	NRES	1000G
HG04194	Male	NRES	1000G
HG04195	Female	NRES	1000G
HG04198	Male	NRES	1000G
HG04200	Female	NRES	1000G
HG04202	Female	NRES	1000G
HG04206	Male	NRES	1000G
HG04209	Female	NRES	1000G
HG04210	Male	NRES	1000G
HG04211	Male	NRES	1000G
HG04212	Female	NRES	1000G
HG04214	Female	NRES	1000G
HG04216	Female	NRES	1000G
HG04219	Male	NRES	1000G
HG04222	Male	NRES	1000G
HG04225	Male	NRES	1000G
HG04227	Female	NRES	1000G
HG04229	Male	NRES	1000G
HG04235	Male	NRES	1000G
HG04238	Male	NRES	1000G
HG04239	Male	NRES	1000G
NA06984	Male	NRES	1000G
NA06985	Female	NRES	1000G
NA06986	Male	NRES	1000G
NA06989	Female	NRES	1000G
NA06994	Male	NRES	1000G
NA07000	Female	NRES	1000G
NA07037	Female	NRES	1000G
NA07048	Male	NRES	1000G
NA07051	Male	NRES	1000G
NA07056	Female	NRES	1000G
NA07347	Male	NRES	1000G
NA07357	Male	NRES	1000G
NA10847	Female	NRES	1000G
NA10851	Male	NRES	1000G
NA11829	Male	NRES	1000G
NA11830	Female	NRES	1000G
NA11831	Male	NRES	1000G
NA11832	Female	NRES	1000G
NA11840	Female	NRES	1000G
NA11843	Male	NRES	1000G
NA11881	Male	NRES	1000G
NA11892	Female	NRES	1000G
NA11893	Male	NRES	1000G
NA11894	Female	NRES	1000G
NA11918	Female	NRES	1000G
NA11919	Male	NRES	1000G
NA11920	Female	NRES	1000G
NA11930	Male	NRES	1000G
NA11931	Female	NRES	1000G
NA11932	Male	NRES	1000G
NA11933	Female	NRES	1000G
NA11992	Male	NRES	1000G
NA11994	Male	NRES	1000G
NA11995	Female	NRES	1000G
NA12003	Male	NRES	1000G
NA12004	Female	NRES	1000G
NA12005	Male	NRES	1000G
NA12006	Female	NRES	1000G
NA12043	Male	NRES	1000G
NA12044	Female	NRES	1000G
NA12045	Male	NRES	1000G
NA12046	Female	NRES	1000G
NA12058	Female	NRES	1000G
NA12144	Male	NRES	1000G
NA12154	Male	NRES	1000G
NA12155	Male	NRES	1000G
NA12156	Female	NRES	1000G
NA12234	Female	NRES	1000G
NA12249	Female	NRES	1000G
NA12272	Male	NRES	1000G
NA12273	Female	NRES	1000G
NA12275	Female	NRES	1000G
NA12282	Male	NRES	1000G
NA12283	Female	NRES	1000G
NA12286	Male	NRES	1000G
NA12287	Female	NRES	1000G
NA12340	Male	NRES	1000G
NA12341	Female	NRES	1000G
NA12342	Male	NRES	1000G
NA12347	Male	NRES	1000G
NA12348	Female	NRES	1000G
NA12383	Female	NRES	1000G
NA12399	Male	NRES	1000G
NA12400	Female	NRES	1000G
NA12413	Male	NRES	1000G
NA12414	Female	NRES	1000G
NA12489	Female	NRES	1000G
NA12546	Male	NRES	1000G
NA12716	Male	NRES	1000G
NA12717	Female	NRES	1000G
NA12718	Female	NRES	1000G
NA12748	Male	NRES	1000G
NA12749	Female	NRES	1000G
NA12750	Male	NRES	1000G
NA12751	Female	NRES	1000G
NA12760	Male	NRES	1000G
NA12761	Female	NRES	1000G
NA12762	Male	NRES	1000G
NA12763	Female	NRES	1000G
NA12775	Male	NRES	1000G
NA12776	Female	NRES	1000G
NA12777	Male	NRES	1000G
NA12778	Female	NRES	1000G
NA12812	Male	NRES	1000G
NA12813	Female	NRES	1000G
NA12814	Male	NRES	1000G
NA12815	Female	NRES	1000G
NA12827	Male	NRES	1000G
NA12828	Female	NRES	1000G
NA12829	Male	NRES	1000G
NA12830	Female	NRES	1000G
NA12842	Male	NRES	1000G
NA12843	Female	NRES	1000G
NA12872	Male	NRES	1000G
NA12873	Female	NRES	1000G
NA12874	Male	NRES	1000G
NA12878	Female	NRES	1000G
NA12889	Male	NRES	1000G
NA12890	Female	NRES	1000G
NA18486	Male	NRES	1000G
NA18488	Female	NRES	1000G
NA18489	Female	NRES	1000G
NA18498	Male	NRES	1000G
NA18499	Female	NRES	1000G
NA18501	Male	NRES	1000G
NA18502	Female	NRES	1000G
NA18504	Male	NRES	1000G
NA18505	Female	NRES	1000G
NA18507	Male	NRES	1000G
NA18508	Female	NRES	1000G
NA18510	Male	NRES	1000G
NA18511	Female	NRES	1000G
NA18516	Male	NRES	1000G
NA18517	Female	NRES	1000G
NA18519	Male	NRES	1000G
NA18520	Female	NRES	1000G
NA18522	Male	NRES	1000G
NA18523	Female	NRES	1000G
NA18525	Female	NRES	1000G
NA18526	Female	NRES	1000G
NA18528	Female	NRES	1000G
NA18530	Male	NRES	1000G
NA18531	Female	NRES	1000G
NA18532	Female	NRES	1000G
NA18533	Female	NRES	1000G
NA18534	Male	NRES	1000G
NA18535	Female	NRES	1000G
NA18536	Male	NRES	1000G
NA18537	Female	NRES	1000G
NA18538	Female	NRES	1000G
NA18539	Female	NRES	1000G
NA18541	Female	NRES	1000G
NA18542	Female	NRES	1000G
NA18543	Male	NRES	1000G
NA18544	Male	NRES	1000G
NA18545	Female	NRES	1000G
NA18546	Male	NRES	1000G
NA18547	Female	NRES	1000G
NA18548	Male	NRES	1000G
NA18549	Male	NRES	1000G
NA18550	Female	NRES	1000G
NA18552	Female	NRES	1000G
NA18553	Female	NRES	1000G
NA18555	Female	NRES	1000G
NA18557	Male	NRES	1000G
NA18558	Male	NRES	1000G
NA18559	Male	NRES	1000G
NA18560	Female	NRES	1000G
NA18561	Male	NRES	1000G
NA18562	Male	NRES	1000G
NA18563	Male	NRES	1000G
NA18564	Female	NRES	1000G
NA18565	Female	NRES	1000G
NA18566	Female	NRES	1000G
NA18567	Female	NRES	1000G
NA18570	Female	NRES	1000G
NA18571	Female	NRES	1000G
NA18572	Male	NRES	1000G
NA18573	Female	NRES	1000G
NA18574	Female	NRES	1000G
NA18577	Female	NRES	1000G
NA18579	Female	NRES	1000G
NA18582	Female	NRES	1000G
NA18591	Female	NRES	1000G
NA18592	Female	NRES	1000G
NA18593	Female	NRES	1000G
NA18595	Female	NRES	1000G
NA18596	Female	NRES	1000G
NA18597	Female	NRES	1000G
NA18599	Female	NRES	1000G
NA18602	Female	NRES	1000G
NA18603	Male	NRES	1000G
NA18605	Male	NRES	1000G
NA18606	Male	NRES	1000G
NA18608	Male	NRES	1000G
NA18609	Male	NRES	1000G
NA18610	Female	NRES	1000G
NA18611	Male	NRES	1000G
NA18612	Male	NRES	1000G
NA18613	Male	NRES	1000G
NA18614	Female	NRES	1000G
NA18615	Female	NRES	1000G
NA18616	Female	NRES	1000G
NA18617	Female	NRES	1000G
NA18618	Female	NRES	1000G
NA18619	Female	NRES	1000G
NA18620	Male	NRES	1000G
NA18621	Male	NRES	1000G
NA18622	Male	NRES	1000G
NA18623	Male	NRES	1000G
NA18624	Male	NRES	1000G
NA18625	Female	NRES	1000G
NA18626	Female	NRES	1000G
NA18627	Female	NRES	1000G
NA18628	Female	NRES	1000G
NA18629	Male	NRES	1000G
NA18630	Female	NRES	1000G
NA18631	Female	NRES	1000G
NA18632	Male	NRES	1000G
NA18633	Male	NRES	1000G
NA18634	Female	NRES	1000G
NA18635	Male	NRES	1000G
NA18636	Male	NRES	1000G
NA18637	Male	NRES	1000G
NA18638	Male	NRES	1000G
NA18639	Male	NRES	1000G
NA18640	Female	NRES	1000G
NA18641	Female	NRES	1000G
NA18642	Female	NRES	1000G
NA18643	Male	NRES	1000G
NA18644	Female	NRES	1000G
NA18645	Male	NRES	1000G
NA18646	Female	NRES	1000G
NA18647	Male	NRES	1000G
NA18648	Male	NRES	1000G
NA18740	Male	NRES	1000G
NA18745	Male	NRES	1000G
NA18747	Male	NRES	1000G
NA18748	Male	NRES	1000G
NA18749	Male	NRES	1000G
NA18757	Male	NRES	1000G
NA18853	Male	NRES	1000G
NA18856	Male	NRES	1000G
NA18858	Female	NRES	1000G
NA18861	Female	NRES	1000G
NA18864	Female	NRES	1000G
NA18865	Male	NRES	1000G
NA18867	Female	NRES	1000G
NA18868	Male	NRES	1000G
NA18870	Female	NRES	1000G
NA18871	Male	NRES	1000G
NA18873	Female	NRES	1000G
NA18874	Male	NRES	1000G
NA18876	Female	NRES	1000G
NA18877	Male	NRES	1000G
NA18878	Female	NRES	1000G
NA18879	Male	NRES	1000G
NA18881	Female	NRES	1000G
NA18907	Female	NRES	1000G
NA18908	Male	NRES	1000G
NA18909	Female	NRES	1000G
NA18910	Male	NRES	1000G
NA18912	Female	NRES	1000G
NA18915	Male	NRES	1000G
NA18916	Female	NRES	1000G
NA18917	Male	NRES	1000G
NA18923	Male	NRES	1000G
NA18924	Female	NRES	1000G
NA18933	Female	NRES	1000G
NA18934	Male	NRES	1000G
NA18939	Female	NRES	1000G
NA18940	Male	NRES	1000G
NA18941	Female	NRES	1000G
NA18942	Female	NRES	1000G
NA18943	Male	NRES	1000G
NA18944	Male	NRES	1000G
NA18945	Male	NRES	1000G
NA18946	Female	NRES	1000G
NA18947	Female	NRES	1000G
NA18948	Male	NRES	1000G
NA18949	Female	NRES	1000G
NA18950	Female	NRES	1000G
NA18951	Female	NRES	1000G
NA18952	Male	NRES	1000G
NA18953	Male	NRES	1000G
NA18954	Female	NRES	1000G
NA18956	Female	NRES	1000G
NA18957	Female	NRES	1000G
NA18959	Male	NRES	1000G
NA18960	Male	NRES	1000G
NA18961	Male	NRES	1000G
NA18962	Male	NRES	1000G
NA18963	Female	NRES	1000G
NA18964	Female	NRES	1000G
NA18965	Male	NRES	1000G
NA18966	Male	NRES	1000G
NA18967	Male	NRES	1000G
NA18968	Female	NRES	1000G
NA18969	Female	NRES	1000G
NA18970	Male	NRES	1000G
NA18971	Male	NRES	1000G
NA18972	Female	NRES	1000G
NA18973	Female	NRES	1000G
NA18974	Male	NRES	1000G
NA18975	Female	NRES	1000G
NA18976	Female	NRES	1000G
NA18977	Male	NRES	1000G
NA18978	Female	NRES	1000G
NA18979	Female	NRES	1000G
NA18980	Female	NRES	1000G
NA18981	Female	NRES	1000G
NA18982	Male	NRES	1000G
NA18983	Male	NRES	1000G
NA18984	Male	NRES	1000G
NA18985	Male	NRES	1000G
NA18986	Male	NRES	1000G
NA18987	Female	NRES	1000G
NA18988	Male	NRES	1000G
NA18989	Male	NRES	1000G
NA18990	Male	NRES	1000G
NA18991	Female	NRES	1000G
NA18992	Female	NRES	1000G
NA18993	Female	NRES	1000G
NA18994	Male	NRES	1000G
NA18995	Male	NRES	1000G
NA18997	Female	NRES	1000G
NA18998	Female	NRES	1000G
NA18999	Female	NRES	1000G
NA19000	Male	NRES	1000G
NA19001	Female	NRES	1000G
NA19002	Female	NRES	1000G
NA19003	Female	NRES	1000G
NA19004	Male	NRES	1000G
NA19005	Male	NRES	1000G
NA19006	Male	NRES	1000G
NA19007	Male	NRES	1000G
NA19009	Male	NRES	1000G
NA19010	Female	NRES	1000G
NA19011	Female	NRES	1000G
NA19012	Male	NRES	1000G
NA19017	Female	NRES	1000G
NA19019	Female	NRES	1000G
NA19020	Male	NRES	1000G
NA19023	Female	NRES	1000G
NA19024	Female	NRES	1000G
NA19025	Male	NRES	1000G
NA19026	Male	NRES	1000G
NA19027	Male	NRES	1000G
NA19028	Male	NRES	1000G
NA19030	Female	NRES	1000G
NA19031	Male	NRES	1000G
NA19035	Male	NRES	1000G
NA19036	Female	NRES	1000G
NA19037	Female	NRES	1000G
NA19038	Female	NRES	1000G
NA19041	Male	NRES	1000G
NA19042	Female	NRES	1000G
NA19043	Male	NRES	1000G
NA19054	Female	NRES	1000G
NA19055	Male	NRES	1000G
NA19056	Male	NRES	1000G
NA19057	Female	NRES	1000G
NA19058	Male	NRES	1000G
NA19059	Female	NRES	1000G
NA19060	Male	NRES	1000G
NA19062	Male	NRES	1000G
NA19063	Male	NRES	1000G
NA19064	Female	NRES	1000G
NA19065	Female	NRES	1000G
NA19066	Male	NRES	1000G
NA19067	Male	NRES	1000G
NA19068	Male	NRES	1000G
NA19070	Male	NRES	1000G
NA19072	Male	NRES	1000G
NA19074	Female	NRES	1000G
NA19075	Male	NRES	1000G
NA19076	Male	NRES	1000G
NA19077	Female	NRES	1000G
NA19078	Female	NRES	1000G
NA19079	Male	NRES	1000G
NA19080	Female	NRES	1000G
NA19081	Female	NRES	1000G
NA19082	Male	NRES	1000G
NA19083	Male	NRES	1000G
NA19084	Female	NRES	1000G
NA19085	Male	NRES	1000G
NA19086	Male	NRES	1000G
NA19087	Female	NRES	1000G
NA19088	Male	NRES	1000G
NA19089	Male	NRES	1000G
NA19090	Female	NRES	1000G
NA19091	Male	NRES	1000G
NA19092	Male	NRES	1000G
NA19093	Female	NRES	1000G
NA19095	Female	NRES	1000G
NA19096	Male	NRES	1000G
NA19098	Male	NRES	1000G
NA19099	Female	NRES	1000G
NA19102	Female	NRES	1000G
NA19107	Male	NRES	1000G
NA19108	Female	NRES	1000G
NA19113	Male	NRES	1000G
NA19114	Female	NRES	1000G
NA19116	Female	NRES	1000G
NA19117	Male	NRES	1000G
NA19118	Female	NRES	1000G
NA19119	Male	NRES	1000G
NA19121	Male	NRES	1000G
NA19129	Female	NRES	1000G
NA19130	Male	NRES	1000G
NA19131	Female	NRES	1000G
NA19137	Female	NRES	1000G
NA19138	Male	NRES	1000G
NA19141	Male	NRES	1000G
NA19143	Female	NRES	1000G
NA19144	Male	NRES	1000G
NA19146	Male	NRES	1000G
NA19147	Female	NRES	1000G
NA19149	Female	NRES	1000G
NA19152	Female	NRES	1000G
NA19153	Male	NRES	1000G
NA19159	Female	NRES	1000G
NA19160	Male	NRES	1000G
NA19171	Male	NRES	1000G
NA19172	Female	NRES	1000G
NA19175	Male	NRES	1000G
NA19184	Male	NRES	1000G
NA19185	Female	NRES	1000G
NA19189	Male	NRES	1000G
NA19190	Female	NRES	1000G
NA19197	Female	NRES	1000G
NA19198	Male	NRES	1000G
NA19200	Male	NRES	1000G
NA19201	Female	NRES	1000G
NA19204	Female	NRES	1000G
NA19206	Female	NRES	1000G
NA19207	Male	NRES	1000G
NA19209	Female	NRES	1000G
NA19210	Male	NRES	1000G
NA19213	Male	NRES	1000G
NA19214	Female	NRES	1000G
NA19222	Female	NRES	1000G
NA19223	Male	NRES	1000G
NA19225	Female	NRES	1000G
NA19235	Female	NRES	1000G
NA19236	Male	NRES	1000G
NA19238	Female	NRES	1000G
NA19239	Male	NRES	1000G
NA19247	Female	NRES	1000G
NA19248	Male	NRES	1000G
NA19256	Male	NRES	1000G
NA19257	Female	NRES	1000G
NA19307	Male	NRES	1000G
NA19308	Male	NRES	1000G
NA19309	Male	NRES	1000G
NA19310	Female	NRES	1000G
NA19312	Male	NRES	1000G
NA19314	Female	NRES	1000G
NA19315	Female	NRES	1000G
NA19316	Female	NRES	1000G
NA19317	Male	NRES	1000G
NA19318	Male	NRES	1000G
NA19319	Male	NRES	1000G
NA19320	Female	NRES	1000G
NA19321	Female	NRES	1000G
NA19323	Female	NRES	1000G
NA19324	Female	NRES	1000G
NA19327	Female	NRES	1000G
NA19328	Female	NRES	1000G
NA19331	Male	NRES	1000G
NA19332	Female	NRES	1000G
NA19334	Male	NRES	1000G
NA19338	Female	NRES	1000G
NA19346	Male	NRES	1000G
NA19347	Male	NRES	1000G
NA19350	Male	NRES	1000G
NA19351	Female	NRES	1000G
NA19355	Female	NRES	1000G
NA19360	Male	NRES	1000G
NA19372	Male	NRES	1000G
NA19374	Male	NRES	1000G
NA19375	Male	NRES	1000G
NA19376	Male	NRES	1000G
NA19377	Female	NRES	1000G
NA19378	Female	NRES	1000G
NA19379	Female	NRES	1000G
NA19380	Male	NRES	1000G
NA19383	Male	NRES	1000G
NA19384	Male	NRES	1000G
NA19385	Male	NRES	1000G
NA19390	Female	NRES	1000G
NA19391	Female	NRES	1000G
NA19393	Male	NRES	1000G
NA19394	Male	NRES	1000G
NA19395	Female	NRES	1000G
NA19397	Male	NRES	1000G
NA19399	Female	NRES	1000G
NA19401	Female	NRES	1000G
NA19403	Female	NRES	1000G
NA19404	Female	NRES	1000G
NA19428	Male	NRES	1000G
NA19429	Male	NRES	1000G
NA19430	Male	NRES	1000G
NA19431	Female	NRES	1000G
NA19434	Female	NRES	1000G
NA19435	Female	NRES	1000G
NA19436	Female	NRES	1000G
NA19437	Female	NRES	1000G
NA19438	Female	NRES	1000G
NA19439	Female	NRES	1000G
NA19440	Female	NRES	1000G
NA19443	Male	NRES	1000G
NA19445	Female	NRES	1000G
NA19446	Female	NRES	1000G
NA19448	Male	NRES	1000G
NA19449	Female	NRES	1000G
NA19451	Male	NRES	1000G
NA19452	Male	NRES	1000G
NA19454	Male	NRES	1000G
NA19455	Male	NRES	1000G
NA19456	Female	NRES	1000G
NA19457	Female	NRES	1000G
NA19461	Male	NRES	1000G
NA19462	Female	NRES	1000G
NA19463	Female	NRES	1000G
NA19466	Male	NRES	1000G
NA19467	Female	NRES	1000G
NA19468	Female	NRES	1000G
NA19471	Female	NRES	1000G
NA19472	Female	NRES	1000G
NA19473	Female	NRES	1000G
NA19474	Female	NRES	1000G
NA19475	Female	NRES	1000G
NA19625	Female	NRES	1000G
NA19648	Female	NRES	1000G
NA19649	Male	NRES	1000G
NA19651	Female	NRES	1000G
NA19652	Male	NRES	1000G
NA19654	Female	NRES	1000G
NA19655	Male	NRES	1000G
NA19657	Female	NRES	1000G
NA19658	Male	NRES	1000G
NA19661	Male	NRES	1000G
NA19663	Female	NRES	1000G
NA19664	Male	NRES	1000G
NA19669	Female	NRES	1000G
NA19670	Male	NRES	1000G
NA19676	Male	NRES	1000G
NA19678	Female	NRES	1000G
NA19679	Male	NRES	1000G
NA19681	Female	NRES	1000G
NA19682	Male	NRES	1000G
NA19684	Female	NRES	1000G
NA19700	Male	NRES	1000G
NA19701	Female	NRES	1000G
NA19703	Male	NRES	1000G
NA19704	Female	NRES	1000G
NA19707	Female	NRES	1000G
NA19711	Male	NRES	1000G
NA19712	Female	NRES	1000G
NA19713	Female	NRES	1000G
NA19716	Female	NRES	1000G
NA19717	Male	NRES	1000G
NA19719	Female	NRES	1000G
NA19720	Male	NRES	1000G
NA19722	Female	NRES	1000G
NA19723	Male	NRES	1000G
NA19725	Female	NRES	1000G
NA19726	Male	NRES	1000G
NA19728	Female	NRES	1000G
NA19729	Male	NRES	1000G
NA19731	Female	NRES	1000G
NA19732	Male	NRES	1000G
NA19734	Female	NRES	1000G
NA19735	Male	NRES	1000G
NA19740	Female	NRES	1000G
NA19741	Male	NRES	1000G
NA19746	Female	NRES	1000G
NA19747	Male	NRES	1000G
NA19749	Female	NRES	1000G
NA19750	Male	NRES	1000G
NA19752	Female	NRES	1000G
NA19755	Female	NRES	1000G
NA19756	Male	NRES	1000G
NA19758	Female	NRES	1000G
NA19759	Male	NRES	1000G
NA19761	Female	NRES	1000G
NA19762	Male	NRES	1000G
NA19764	Female	NRES	1000G
NA19770	Female	NRES	1000G
NA19771	Male	NRES	1000G
NA19773	Female	NRES	1000G
NA19774	Male	NRES	1000G
NA19776	Female	NRES	1000G
NA19777	Male	NRES	1000G
NA19779	Female	NRES	1000G
NA19780	Male	NRES	1000G
NA19782	Female	NRES	1000G
NA19783	Male	NRES	1000G
NA19785	Female	NRES	1000G
NA19786	Male	NRES	1000G
NA19788	Female	NRES	1000G
NA19789	Male	NRES	1000G
NA19792	Male	NRES	1000G
NA19794	Female	NRES	1000G
NA19795	Male	NRES	1000G
NA19818	Male	NRES	1000G
NA19819	Female	NRES	1000G
NA19834	Male	NRES	1000G
NA19835	Female	NRES	1000G
NA19900	Male	NRES	1000G
NA19901	Female	NRES	1000G
NA19904	Male	NRES	1000G
NA19908	Male	NRES	1000G
NA19909	Female	NRES	1000G
NA19913	Female	NRES	1000G
NA19914	Female	NRES	1000G
NA19916	Male	NRES	1000G
NA19917	Female	NRES	1000G
NA19920	Male	NRES	1000G
NA19921	Female	NRES	1000G
NA19922	Male	NRES	1000G
NA19923	Female	NRES	1000G
NA19982	Male	NRES	1000G
NA19984	Male	NRES	1000G
NA20126	Male	NRES	1000G
NA20127	Female	NRES	1000G
NA20274	Female	NRES	1000G
NA20276	Female	NRES	1000G
NA20278	Male	NRES	1000G
NA20281	Male	NRES	1000G
NA20282	Female	NRES	1000G
NA20287	Female	NRES	1000G
NA20289	Female	NRES	1000G
NA20291	Male	NRES	1000G
NA20294	Female	NRES	1000G
NA20296	Female	NRES	1000G
NA20298	Male	NRES	1000G
NA20299	Female	NRES	1000G
NA20314	Female	NRES	1000G
NA20317	Female	NRES	1000G
NA20318	Male	NRES	1000G
NA20320	Female	NRES	1000G
NA20321	Female	NRES	1000G
NA20332	Female	NRES	1000G
NA20334	Female	NRES	1000G
NA20339	Female	NRES	1000G
NA20340	Male	NRES	1000G
NA20342	Male	NRES	1000G
NA20346	Male	NRES	1000G
NA20348	Male	NRES	1000G
NA20351	Male	NRES	1000G
NA20355	Female	NRES	1000G
NA20356	Male	NRES	1000G
NA20357	Female	NRES	1000G
NA20359	Female	NRES	1000G
NA20362	Male	NRES	1000G
NA20412	Female	NRES	1000G
NA20502	Female	NRES	1000G
NA20503	Female	NRES	1000G
NA20504	Female	NRES	1000G
NA20505	Female	NRES	1000G
NA20506	Female	NRES	1000G
NA20507	Female	NRES	1000G
NA20508	Female	NRES	1000G
NA20509	Male	NRES	1000G
NA20510	Male	NRES	1000G
NA20511	Male	NRES	1000G
NA20512	Male	NRES	1000G
NA20513	Male	NRES	1000G
NA20514	Female	NRES	1000G
NA20515	Male	NRES	1000G
NA20516	Male	NRES	1000G
NA20517	Female	NRES	1000G
NA20518	Male	NRES	1000G
NA20519	Male	NRES	1000G
NA20520	Male	NRES	1000G
NA20521	Male	NRES	1000G
NA20522	Female	NRES	1000G
NA20524	Male	NRES	1000G
NA20525	Male	NRES	1000G
NA20527	Male	NRES	1000G
NA20528	Male	NRES	1000G
NA20529	Female	NRES	1000G
NA20530	Female	NRES	1000G
NA20531	Female	NRES	1000G
NA20532	Male	NRES	1000G
NA20533	Female	NRES	1000G
NA20534	Male	NRES	1000G
NA20535	Female	NRES	1000G
NA20536	Male	NRES	1000G
NA20538	Male	NRES	1000G
NA20539	Male	NRES	1000G
NA20540	Female	NRES	1000G
NA20541	Female	NRES	1000G
NA20542	Female	NRES	1000G
NA20543	Male	NRES	1000G
NA20544	Male	NRES	1000G
NA20581	Male	NRES	1000G
NA20582	Female	NRES	1000G
NA20585	Female	NRES	1000G
NA20586	Male	NRES	1000G
NA20587	Female	NRES	1000G
NA20588	Male	NRES	1000G
NA20589	Female	NRES	1000G
NA20752	Male	NRES	1000G
NA20753	Female	NRES	1000G
NA20754	Male	NRES	1000G
NA20755	Male	NRES	1000G
NA20756	Female	NRES	1000G
NA20757	Female	NRES	1000G
NA20758	Male	NRES	1000G
NA20759	Male	NRES	1000G
NA20760	Female	NRES	1000G
NA20761	Female	NRES	1000G
NA20762	Male	NRES	1000G
NA20763	Male	NRES	1000G
NA20764	Female	NRES	1000G
NA20765	Male	NRES	1000G
NA20766	Female	NRES	1000G
NA20767	Male	NRES	1000G
NA20768	Female	NRES	1000G
NA20769	Female	NRES	1000G
NA20770	Male	NRES	1000G
NA20771	Female	NRES	1000G
NA20772	Female	NRES	1000G
NA20773	Female	NRES	1000G
NA20774	Female	NRES	1000G
NA20775	Female	NRES	1000G
NA20778	Male	NRES	1000G
NA20783	Male	NRES	1000G
NA20785	Male	NRES	1000G
NA20786	Female	NRES	1000G
NA20787	Male	NRES	1000G
NA20790	Female	NRES	1000G
NA20792	Male	NRES	1000G
NA20795	Female	NRES	1000G
NA20796	Male	NRES	1000G
NA20797	Female	NRES	1000G
NA20798	Male	NRES	1000G
NA20799	Female	NRES	1000G
NA20800	Female	NRES	1000G
NA20801	Male	NRES	1000G
NA20802	Female	NRES	1000G
NA20803	Male	NRES	1000G
NA20804	Female	NRES	1000G
NA20805	Male	NRES	1000G
NA20806	Male	NRES	1000G
NA20807	Female	NRES	1000G
NA20808	Female	NRES	1000G
NA20809	Male	NRES	1000G
NA20810	Male	NRES	1000G
NA20811	Male	NRES	1000G
NA20812	Male	NRES	1000G
NA20813	Female	NRES	1000G
NA20814	Male	NRES	1000G
NA20815	Male	NRES	1000G
NA20818	Female	NRES	1000G
NA20819	Female	NRES	1000G
NA20821	Female	NRES	1000G
NA20822	Female	NRES	1000G
NA20826	Female	NRES	1000G
NA20827	Male	NRES	1000G
NA20828	Female	NRES	1000G
NA20832	Female	NRES	1000G
NA20845	Male	NRES	1000G
NA20846	Male	NRES	1000G
NA20847	Female	NRES	1000G
NA20849	Female	NRES	1000G
NA20850	Male	NRES	1000G
NA20851	Female	NRES	1000G
NA20852	Male	NRES	1000G
NA20853	Female	NRES	1000G
NA20854	Female	NRES	1000G
NA20856	Female	NRES	1000G
NA20858	Male	NRES	1000G
NA20859	Female	NRES	1000G
NA20861	Male	NRES	1000G
NA20862	Female	NRES	1000G
NA20863	Male	NRES	1000G
NA20864	Male	NRES	1000G
NA20866	Male	NRES	1000G
NA20867	Male	NRES	1000G
NA20868	Female	NRES	1000G
NA20869	Female	NRES	1000G
NA20870	Male	NRES	1000G
NA20872	Female	NRES	1000G
NA20874	Female	NRES	1000G
NA20875	Female	NRES	1000G
NA20876	Female	NRES	1000G
NA20877	Female	NRES	1000G
NA20878	Female	NRES	1000G
NA20881	Female	NRES	1000G
NA20882	Female	NRES	1000G
NA20884	Male	NRES	1000G
NA20885	Male	NRES	1000G
NA20886	Female	NRES	1000G
NA20887	Male	NRES	1000G
NA20888	Female	NRES	1000G
NA20889	Male	NRES	1000G
NA20890	Male	NRES	1000G
NA20891	Male	NRES	1000G
NA20892	Female	NRES	1000G
NA20894	Female	NRES	1000G
NA20895	Male	NRES	1000G
NA20896	Female	NRES	1000G
NA20897	Male	NRES	1000G
NA20899	Female	NRES	1000G
NA20900	Female	NRES	1000G
NA20901	Male	NRES	1000G
NA20902	Female	NRES	1000G
NA20903	Male	NRES	1000G
NA20904	Male	NRES	1000G
NA20905	Male	NRES	1000G
NA20906	Female	NRES	1000G
NA20908	Female	NRES	1000G
NA20910	Female	NRES	1000G
NA20911	Male	NRES	1000G
NA21086	Female	NRES	1000G
NA21087	Male	NRES	1000G
NA21088	Female	NRES	1000G
NA21089	Female	NRES	1000G
NA21090	Male	NRES	1000G
NA21091	Male	NRES	1000G
NA21092	Male	NRES	1000G
NA21093	Male	NRES	1000G
NA21094	Male	NRES	1000G
NA21095	Male	NRES	1000G
NA21097	Female	NRES	1000G
NA21098	Male	NRES	1000G
NA21099	Male	NRES	1000G
NA21100	Male	NRES	1000G
NA21101	Female	NRES	1000G
NA21102	Female	NRES	1000G
NA21103	Female	NRES	1000G
NA21104	Male	NRES	1000G
NA21105	Male	NRES	1000G
NA21106	Female	NRES	1000G
NA21107	Male	NRES	1000G
NA21108	Female	NRES	1000G
NA21109	Male	NRES	1000G
NA21110	Female	NRES	1000G
NA21111	Male	NRES	1000G
NA21112	Male	NRES	1000G
NA21113	Male	NRES	1000G
NA21114	Male	NRES	1000G
NA21115	Male	NRES	1000G
NA21116	Male	NRES	1000G
NA21117	Male	NRES	1000G
NA21118	Male	NRES	1000G
NA21119	Male	NRES	1000G
NA21120	Female	NRES	1000G
NA21122	Female	NRES	1000G
NA21123	Male	NRES	1000G
NA21124	Male	NRES	1000G
NA21125	Female	NRES	1000G
NA21126	Male	NRES	1000G
NA21127	Male	NRES	1000G
NA21128	Male	NRES	1000G
NA21129	Male	NRES	1000G
NA21130	Male	NRES	1000G
NA21133	Male	NRES	1000G
NA21135	Male	NRES	1000G
NA21137	Female	NRES	1000G
NA21141	Female	NRES	1000G
NA21142	Female	NRES	1000G
NA21143	Female	NRES	1000G
NA21144	Female	NRES	1000G
