sample_set_id	sample_id
all	HG00096
all	HG00097
all	HG00099
all	HG00100
all	HG00101
all	HG00102
all	HG00103
all	HG00105
all	HG00106
all	HG00107
all	HG00108
all	HG00109
all	HG00110
all	HG00111
all	HG00112
all	HG00113
all	HG00114
all	HG00115
all	HG00116
all	HG00117
all	HG00118
all	HG00119
all	HG00120
all	HG00121
all	HG00122
all	HG00123
all	HG00125
all	HG00126
all	HG00127
all	HG00128
all	HG00129
all	HG00130
all	HG00131
all	HG00132
all	HG00133
all	HG00136
all	HG00137
all	HG00138
all	HG00139
all	HG00140
all	HG00141
all	HG00142
all	HG00143
all	HG00145
all	HG00146
all	HG00148
all	HG00149
all	HG00150
all	HG00151
all	HG00154
all	HG00155
all	HG00157
all	HG00158
all	HG00159
all	HG00160
all	HG00171
all	HG00173
all	HG00174
all	HG00176
all	HG00177
all	HG00178
all	HG00179
all	HG00180
all	HG00181
all	HG00182
all	HG00183
all	HG00185
all	HG00186
all	HG00187
all	HG00188
all	HG00189
all	HG00190
all	HG00231
all	HG00232
all	HG00233
all	HG00234
all	HG00235
all	HG00236
all	HG00237
all	HG00238
all	HG00239
all	HG00240
all	HG00242
all	HG00243
all	HG00244
all	HG00245
all	HG00246
all	HG00250
all	HG00251
all	HG00252
all	HG00253
all	HG00254
all	HG00255
all	HG00256
all	HG00257
all	HG00258
all	HG00259
all	HG00260
all	HG00261
all	HG00262
all	HG00263
all	HG00264
all	HG00265
all	HG00266
all	HG00267
all	HG00268
all	HG00269
all	HG00271
all	HG00272
all	HG00273
all	HG00274
all	HG00275
all	HG00276
all	HG00277
all	HG00278
all	HG00280
all	HG00281
all	HG00282
all	HG00284
all	HG00285
all	HG00288
all	HG00290
all	HG00304
all	HG00306
all	HG00308
all	HG00309
all	HG00310
all	HG00311
all	HG00313
all	HG00315
all	HG00318
all	HG00319
all	HG00320
all	HG00321
all	HG00323
all	HG00324
all	HG00325
all	HG00326
all	HG00327
all	HG00328
all	HG00329
all	HG00330
all	HG00331
all	HG00332
all	HG00334
all	HG00335
all	HG00336
all	HG00337
all	HG00338
all	HG00339
all	HG00341
all	HG00342
all	HG00343
all	HG00344
all	HG00345
all	HG00346
all	HG00349
all	HG00350
all	HG00351
all	HG00353
all	HG00355
all	HG00356
all	HG00357
all	HG00358
all	HG00360
all	HG00361
all	HG00362
all	HG00364
all	HG00365
all	HG00366
all	HG00367
all	HG00368
all	HG00369
all	HG00371
all	HG00372
all	HG00373
all	HG00375
all	HG00376
all	HG00378
all	HG00379
all	HG00380
all	HG00381
all	HG00382
all	HG00383
all	HG00384
all	HG00403
all	HG00404
all	HG00406
all	HG00407
all	HG00409
all	HG00410
all	HG00419
all	HG00421
all	HG00422
all	HG00428
all	HG00436
all	HG00437
all	HG00442
all	HG00443
all	HG00445
all	HG00446
all	HG00448
all	HG00449
all	HG00451
all	HG00452
all	HG00457
all	HG00458
all	HG00463
all	HG00464
all	HG00472
all	HG00473
all	HG00475
all	HG00476
all	HG00478
all	HG00479
all	HG00500
all	HG00513
all	HG00524
all	HG00525
all	HG00530
all	HG00531
all	HG00533
all	HG00534
all	HG00536
all	HG00537
all	HG00542
all	HG00543
all	HG00551
all	HG00553
all	HG00554
all	HG00556
all	HG00557
all	HG00559
all	HG00560
all	HG00565
all	HG00566
all	HG00580
all	HG00581
all	HG00583
all	HG00584
all	HG00589
all	HG00590
all	HG00592
all	HG00593
all	HG00595
all	HG00596
all	HG00598
all	HG00599
all	HG00607
all	HG00608
all	HG00610
all	HG00611
all	HG00613
all	HG00614
all	HG00619
all	HG00620
all	HG00622
all	HG00623
all	HG00625
all	HG00626
all	HG00628
all	HG00629
all	HG00631
all	HG00632
all	HG00634
all	HG00637
all	HG00638
all	HG00640
all	HG00641
all	HG00650
all	HG00651
all	HG00653
all	HG00654
all	HG00656
all	HG00657
all	HG00662
all	HG00663
all	HG00671
all	HG00672
all	HG00674
all	HG00675
all	HG00683
all	HG00684
all	HG00689
all	HG00690
all	HG00692
all	HG00693
all	HG00698
all	HG00699
all	HG00701
all	HG00704
all	HG00705
all	HG00707
all	HG00708
all	HG00717
all	HG00728
all	HG00729
all	HG00731
all	HG00732
all	HG00734
all	HG00736
all	HG00737
all	HG00739
all	HG00740
all	HG00742
all	HG00743
all	HG00759
all	HG00766
all	HG00844
all	HG00851
all	HG00864
all	HG00867
all	HG00879
all	HG00881
all	HG00956
all	HG00978
all	HG00982
all	HG01028
all	HG01029
all	HG01031
all	HG01046
all	HG01047
all	HG01048
all	HG01049
all	HG01051
all	HG01052
all	HG01054
all	HG01055
all	HG01058
all	HG01060
all	HG01061
all	HG01063
all	HG01064
all	HG01066
all	HG01067
all	HG01069
all	HG01070
all	HG01072
all	HG01073
all	HG01075
all	HG01077
all	HG01079
all	HG01080
all	HG01082
all	HG01083
all	HG01085
all	HG01086
all	HG01088
all	HG01089
all	HG01092
all	HG01094
all	HG01095
all	HG01097
all	HG01098
all	HG01101
all	HG01102
all	HG01104
all	HG01105
all	HG01107
all	HG01108
all	HG01110
all	HG01111
all	HG01112
all	HG01113
all	HG01119
all	HG01121
all	HG01122
all	HG01124
all	HG01125
all	HG01130
all	HG01131
all	HG01133
all	HG01134
all	HG01136
all	HG01137
all	HG01139
all	HG01140
all	HG01142
all	HG01148
all	HG01149
all	HG01161
all	HG01162
all	HG01164
all	HG01167
all	HG01168
all	HG01170
all	HG01171
all	HG01173
all	HG01174
all	HG01176
all	HG01177
all	HG01182
all	HG01183
all	HG01187
all	HG01188
all	HG01190
all	HG01191
all	HG01197
all	HG01198
all	HG01200
all	HG01204
all	HG01205
all	HG01241
all	HG01242
all	HG01247
all	HG01248
all	HG01250
all	HG01251
all	HG01253
all	HG01254
all	HG01256
all	HG01257
all	HG01259
all	HG01260
all	HG01269
all	HG01271
all	HG01272
all	HG01275
all	HG01277
all	HG01280
all	HG01281
all	HG01284
all	HG01286
all	HG01302
all	HG01303
all	HG01305
all	HG01308
all	HG01311
all	HG01312
all	HG01323
all	HG01325
all	HG01326
all	HG01334
all	HG01341
all	HG01342
all	HG01344
all	HG01345
all	HG01348
all	HG01350
all	HG01351
all	HG01353
all	HG01354
all	HG01356
all	HG01357
all	HG01359
all	HG01360
all	HG01362
all	HG01363
all	HG01365
all	HG01366
all	HG01369
all	HG01372
all	HG01374
all	HG01375
all	HG01377
all	HG01378
all	HG01383
all	HG01384
all	HG01389
all	HG01390
all	HG01392
all	HG01393
all	HG01395
all	HG01396
all	HG01398
all	HG01402
all	HG01403
all	HG01405
all	HG01412
all	HG01413
all	HG01414
all	HG01431
all	HG01432
all	HG01435
all	HG01437
all	HG01438
all	HG01440
all	HG01441
all	HG01443
all	HG01444
all	HG01447
all	HG01455
all	HG01456
all	HG01459
all	HG01461
all	HG01462
all	HG01464
all	HG01465
all	HG01468
all	HG01474
all	HG01479
all	HG01485
all	HG01486
all	HG01488
all	HG01489
all	HG01491
all	HG01492
all	HG01494
all	HG01495
all	HG01497
all	HG01498
all	HG01500
all	HG01501
all	HG01503
all	HG01504
all	HG01506
all	HG01507
all	HG01509
all	HG01510
all	HG01512
all	HG01513
all	HG01515
all	HG01516
all	HG01518
all	HG01519
all	HG01521
all	HG01522
all	HG01524
all	HG01525
all	HG01527
all	HG01528
all	HG01530
all	HG01531
all	HG01536
all	HG01537
all	HG01550
all	HG01551
all	HG01556
all	HG01565
all	HG01566
all	HG01571
all	HG01572
all	HG01577
all	HG01578
all	HG01583
all	HG01586
all	HG01589
all	HG01593
all	HG01595
all	HG01596
all	HG01597
all	HG01598
all	HG01599
all	HG01600
all	HG01602
all	HG01603
all	HG01605
all	HG01606
all	HG01607
all	HG01608
all	HG01610
all	HG01612
all	HG01613
all	HG01615
all	HG01617
all	HG01618
all	HG01619
all	HG01620
all	HG01623
all	HG01624
all	HG01625
all	HG01626
all	HG01628
all	HG01630
all	HG01631
all	HG01632
all	HG01668
all	HG01669
all	HG01670
all	HG01672
all	HG01673
all	HG01675
all	HG01676
all	HG01678
all	HG01679
all	HG01680
all	HG01682
all	HG01684
all	HG01685
all	HG01686
all	HG01694
all	HG01695
all	HG01697
all	HG01699
all	HG01700
all	HG01702
all	HG01704
all	HG01705
all	HG01707
all	HG01708
all	HG01709
all	HG01710
all	HG01746
all	HG01747
all	HG01756
all	HG01757
all	HG01761
all	HG01762
all	HG01765
all	HG01766
all	HG01767
all	HG01768
all	HG01770
all	HG01771
all	HG01773
all	HG01775
all	HG01776
all	HG01777
all	HG01779
all	HG01781
all	HG01783
all	HG01784
all	HG01785
all	HG01786
all	HG01789
all	HG01790
all	HG01791
all	HG01794
all	HG01795
all	HG01796
all	HG01797
all	HG01798
all	HG01799
all	HG01800
all	HG01801
all	HG01802
all	HG01804
all	HG01805
all	HG01806
all	HG01807
all	HG01808
all	HG01809
all	HG01810
all	HG01811
all	HG01812
all	HG01813
all	HG01815
all	HG01816
all	HG01817
all	HG01840
all	HG01841
all	HG01842
all	HG01843
all	HG01844
all	HG01845
all	HG01846
all	HG01847
all	HG01848
all	HG01849
all	HG01850
all	HG01851
all	HG01852
all	HG01853
all	HG01855
all	HG01857
all	HG01858
all	HG01859
all	HG01860
all	HG01861
all	HG01862
all	HG01863
all	HG01864
all	HG01865
all	HG01866
all	HG01867
all	HG01868
all	HG01869
all	HG01870
all	HG01871
all	HG01872
all	HG01873
all	HG01874
all	HG01878
all	HG01879
all	HG01880
all	HG01882
all	HG01883
all	HG01885
all	HG01886
all	HG01889
all	HG01890
all	HG01892
all	HG01893
all	HG01894
all	HG01896
all	HG01912
all	HG01914
all	HG01915
all	HG01917
all	HG01918
all	HG01920
all	HG01921
all	HG01923
all	HG01924
all	HG01926
all	HG01927
all	HG01932
all	HG01933
all	HG01935
all	HG01936
all	HG01938
all	HG01939
all	HG01941
all	HG01942
all	HG01944
all	HG01945
all	HG01947
all	HG01948
all	HG01950
all	HG01951
all	HG01953
all	HG01954
all	HG01956
all	HG01958
all	HG01961
all	HG01965
all	HG01967
all	HG01968
all	HG01970
all	HG01971
all	HG01973
all	HG01974
all	HG01976
all	HG01977
all	HG01979
all	HG01980
all	HG01982
all	HG01985
all	HG01986
all	HG01988
all	HG01989
all	HG01990
all	HG01991
all	HG01992
all	HG01997
all	HG02002
all	HG02003
all	HG02006
all	HG02008
all	HG02009
all	HG02010
all	HG02012
all	HG02013
all	HG02014
all	HG02016
all	HG02017
all	HG02019
all	HG02020
all	HG02023
all	HG02025
all	HG02026
all	HG02028
all	HG02029
all	HG02031
all	HG02032
all	HG02035
all	HG02040
all	HG02047
all	HG02048
all	HG02049
all	HG02050
all	HG02051
all	HG02052
all	HG02053
all	HG02054
all	HG02057
all	HG02058
all	HG02060
all	HG02061
all	HG02064
all	HG02067
all	HG02069
all	HG02070
all	HG02072
all	HG02073
all	HG02075
all	HG02076
all	HG02078
all	HG02079
all	HG02081
all	HG02082
all	HG02084
all	HG02085
all	HG02086
all	HG02087
all	HG02088
all	HG02089
all	HG02090
all	HG02095
all	HG02102
all	HG02104
all	HG02105
all	HG02107
all	HG02108
all	HG02111
all	HG02113
all	HG02116
all	HG02121
all	HG02122
all	HG02127
all	HG02128
all	HG02130
all	HG02131
all	HG02133
all	HG02134
all	HG02136
all	HG02137
all	HG02138
all	HG02139
all	HG02140
all	HG02141
all	HG02142
all	HG02143
all	HG02144
all	HG02146
all	HG02147
all	HG02150
all	HG02151
all	HG02152
all	HG02153
all	HG02154
all	HG02155
all	HG02156
all	HG02164
all	HG02165
all	HG02166
all	HG02178
all	HG02179
all	HG02180
all	HG02181
all	HG02182
all	HG02184
all	HG02185
all	HG02186
all	HG02187
all	HG02188
all	HG02190
all	HG02215
all	HG02219
all	HG02220
all	HG02221
all	HG02223
all	HG02224
all	HG02230
all	HG02231
all	HG02232
all	HG02233
all	HG02235
all	HG02236
all	HG02238
all	HG02239
all	HG02250
all	HG02252
all	HG02253
all	HG02255
all	HG02256
all	HG02259
all	HG02260
all	HG02262
all	HG02265
all	HG02266
all	HG02271
all	HG02272
all	HG02274
all	HG02275
all	HG02277
all	HG02278
all	HG02281
all	HG02282
all	HG02283
all	HG02284
all	HG02285
all	HG02286
all	HG02291
all	HG02292
all	HG02298
all	HG02299
all	HG02301
all	HG02304
all	HG02307
all	HG02308
all	HG02309
all	HG02312
all	HG02314
all	HG02315
all	HG02317
all	HG02318
all	HG02322
all	HG02323
all	HG02325
all	HG02330
all	HG02332
all	HG02334
all	HG02337
all	HG02339
all	HG02343
all	HG02345
all	HG02348
all	HG02351
all	HG02353
all	HG02355
all	HG02356
all	HG02360
all	HG02364
all	HG02367
all	HG02371
all	HG02373
all	HG02374
all	HG02375
all	HG02379
all	HG02380
all	HG02382
all	HG02383
all	HG02384
all	HG02385
all	HG02386
all	HG02389
all	HG02390
all	HG02391
all	HG02392
all	HG02394
all	HG02395
all	HG02396
all	HG02397
all	HG02398
all	HG02399
all	HG02401
all	HG02402
all	HG02406
all	HG02407
all	HG02408
all	HG02409
all	HG02410
all	HG02419
all	HG02420
all	HG02425
all	HG02427
all	HG02429
all	HG02433
all	HG02439
all	HG02442
all	HG02445
all	HG02449
all	HG02450
all	HG02455
all	HG02461
all	HG02462
all	HG02464
all	HG02465
all	HG02470
all	HG02471
all	HG02476
all	HG02477
all	HG02479
all	HG02481
all	HG02484
all	HG02485
all	HG02489
all	HG02490
all	HG02491
all	HG02493
all	HG02494
all	HG02496
all	HG02497
all	HG02501
all	HG02502
all	HG02505
all	HG02508
all	HG02511
all	HG02512
all	HG02513
all	HG02521
all	HG02522
all	HG02536
all	HG02537
all	HG02541
all	HG02545
all	HG02546
all	HG02549
all	HG02554
all	HG02555
all	HG02557
all	HG02558
all	HG02561
all	HG02562
all	HG02568
all	HG02570
all	HG02571
all	HG02573
all	HG02574
all	HG02577
all	HG02580
all	HG02582
all	HG02583
all	HG02585
all	HG02586
all	HG02588
all	HG02589
all	HG02594
all	HG02595
all	HG02597
all	HG02600
all	HG02601
all	HG02603
all	HG02604
all	HG02610
all	HG02611
all	HG02613
all	HG02614
all	HG02620
all	HG02621
all	HG02623
all	HG02624
all	HG02628
all	HG02629
all	HG02634
all	HG02635
all	HG02642
all	HG02643
all	HG02645
all	HG02646
all	HG02648
all	HG02649
all	HG02651
all	HG02652
all	HG02654
all	HG02655
all	HG02657
all	HG02658
all	HG02660
all	HG02661
all	HG02666
all	HG02667
all	HG02675
all	HG02676
all	HG02678
all	HG02679
all	HG02681
all	HG02682
all	HG02684
all	HG02685
all	HG02687
all	HG02688
all	HG02690
all	HG02691
all	HG02694
all	HG02696
all	HG02697
all	HG02699
all	HG02700
all	HG02702
all	HG02703
all	HG02715
all	HG02716
all	HG02721
all	HG02722
all	HG02724
all	HG02725
all	HG02727
all	HG02728
all	HG02731
all	HG02733
all	HG02734
all	HG02736
all	HG02737
all	HG02756
all	HG02757
all	HG02759
all	HG02760
all	HG02763
all	HG02768
all	HG02769
all	HG02771
all	HG02772
all	HG02774
all	HG02775
all	HG02778
all	HG02780
all	HG02783
all	HG02784
all	HG02786
all	HG02787
all	HG02789
all	HG02790
all	HG02792
all	HG02793
all	HG02798
all	HG02799
all	HG02804
all	HG02805
all	HG02807
all	HG02808
all	HG02810
all	HG02811
all	HG02813
all	HG02814
all	HG02816
all	HG02817
all	HG02819
all	HG02820
all	HG02836
all	HG02837
all	HG02839
all	HG02840
all	HG02851
all	HG02852
all	HG02854
all	HG02855
all	HG02860
all	HG02861
all	HG02870
all	HG02878
all	HG02879
all	HG02881
all	HG02882
all	HG02884
all	HG02885
all	HG02887
all	HG02888
all	HG02890
all	HG02891
all	HG02895
all	HG02896
all	HG02922
all	HG02923
all	HG02938
all	HG02941
all	HG02943
all	HG02944
all	HG02946
all	HG02947
all	HG02952
all	HG02953
all	HG02968
all	HG02970
all	HG02971
all	HG02973
all	HG02974
all	HG02976
all	HG02977
all	HG02979
all	HG02981
all	HG02982
all	HG02983
all	HG03006
all	HG03007
all	HG03009
all	HG03012
all	HG03015
all	HG03016
all	HG03018
all	HG03019
all	HG03021
all	HG03022
all	HG03024
all	HG03025
all	HG03027
all	HG03028
all	HG03039
all	HG03040
all	HG03045
all	HG03046
all	HG03048
all	HG03049
all	HG03052
all	HG03054
all	HG03055
all	HG03057
all	HG03058
all	HG03060
all	HG03061
all	HG03063
all	HG03064
all	HG03066
all	HG03069
all	HG03072
all	HG03073
all	HG03074
all	HG03077
all	HG03078
all	HG03079
all	HG03081
all	HG03082
all	HG03084
all	HG03085
all	HG03086
all	HG03088
all	HG03091
all	HG03095
all	HG03096
all	HG03097
all	HG03099
all	HG03100
all	HG03103
all	HG03105
all	HG03108
all	HG03109
all	HG03111
all	HG03112
all	HG03114
all	HG03115
all	HG03117
all	HG03118
all	HG03120
all	HG03121
all	HG03123
all	HG03124
all	HG03126
all	HG03127
all	HG03129
all	HG03130
all	HG03132
all	HG03133
all	HG03135
all	HG03136
all	HG03139
all	HG03157
all	HG03159
all	HG03160
all	HG03162
all	HG03163
all	HG03166
all	HG03168
all	HG03169
all	HG03172
all	HG03175
all	HG03189
all	HG03190
all	HG03193
all	HG03195
all	HG03196
all	HG03198
all	HG03199
all	HG03202
all	HG03209
all	HG03212
all	HG03224
all	HG03225
all	HG03228
all	HG03229
all	HG03234
all	HG03235
all	HG03237
all	HG03238
all	HG03240
all	HG03241
all	HG03246
all	HG03247
all	HG03258
all	HG03259
all	HG03265
all	HG03267
all	HG03268
all	HG03270
all	HG03271
all	HG03279
all	HG03280
all	HG03291
all	HG03294
all	HG03295
all	HG03297
all	HG03298
all	HG03300
all	HG03301
all	HG03303
all	HG03304
all	HG03311
all	HG03313
all	HG03342
all	HG03343
all	HG03351
all	HG03352
all	HG03354
all	HG03363
all	HG03366
all	HG03367
all	HG03369
all	HG03370
all	HG03372
all	HG03376
all	HG03378
all	HG03380
all	HG03382
all	HG03385
all	HG03388
all	HG03391
all	HG03394
all	HG03397
all	HG03401
all	HG03410
all	HG03419
all	HG03428
all	HG03432
all	HG03433
all	HG03436
all	HG03437
all	HG03439
all	HG03442
all	HG03445
all	HG03446
all	HG03449
all	HG03451
all	HG03452
all	HG03455
all	HG03457
all	HG03458
all	HG03460
all	HG03461
all	HG03464
all	HG03469
all	HG03470
all	HG03472
all	HG03473
all	HG03476
all	HG03478
all	HG03479
all	HG03484
all	HG03485
all	HG03488
all	HG03490
all	HG03491
all	HG03499
all	HG03511
all	HG03514
all	HG03515
all	HG03517
all	HG03518
all	HG03520
all	HG03521
all	HG03538
all	HG03539
all	HG03547
all	HG03548
all	HG03556
all	HG03557
all	HG03558
all	HG03559
all	HG03563
all	HG03565
all	HG03567
all	HG03571
all	HG03572
all	HG03575
all	HG03577
all	HG03578
all	HG03583
all	HG03585
all	HG03589
all	HG03593
all	HG03594
all	HG03595
all	HG03598
all	HG03600
all	HG03603
all	HG03604
all	HG03607
all	HG03611
all	HG03615
all	HG03616
all	HG03619
all	HG03624
all	HG03625
all	HG03629
all	HG03631
all	HG03634
all	HG03636
all	HG03640
all	HG03642
all	HG03643
all	HG03644
all	HG03645
all	HG03646
all	HG03649
all	HG03652
all	HG03653
all	HG03660
all	HG03663
all	HG03667
all	HG03668
all	HG03672
all	HG03673
all	HG03679
all	HG03680
all	HG03681
all	HG03684
all	HG03685
all	HG03686
all	HG03687
all	HG03689
all	HG03690
all	HG03691
all	HG03692
all	HG03693
all	HG03694
all	HG03695
all	HG03696
all	HG03697
all	HG03698
all	HG03702
all	HG03703
all	HG03705
all	HG03706
all	HG03708
all	HG03709
all	HG03711
all	HG03713
all	HG03714
all	HG03716
all	HG03717
all	HG03718
all	HG03720
all	HG03722
all	HG03727
all	HG03729
all	HG03730
all	HG03731
all	HG03733
all	HG03736
all	HG03738
all	HG03740
all	HG03741
all	HG03742
all	HG03743
all	HG03744
all	HG03745
all	HG03746
all	HG03750
all	HG03752
all	HG03753
all	HG03754
all	HG03755
all	HG03756
all	HG03757
all	HG03760
all	HG03762
all	HG03765
all	HG03767
all	HG03770
all	HG03771
all	HG03772
all	HG03773
all	HG03774
all	HG03775
all	HG03777
all	HG03778
all	HG03779
all	HG03780
all	HG03781
all	HG03782
all	HG03784
all	HG03785
all	HG03786
all	HG03787
all	HG03788
all	HG03789
all	HG03790
all	HG03792
all	HG03793
all	HG03796
all	HG03800
all	HG03802
all	HG03803
all	HG03805
all	HG03808
all	HG03809
all	HG03812
all	HG03814
all	HG03815
all	HG03817
all	HG03821
all	HG03823
all	HG03824
all	HG03826
all	HG03829
all	HG03830
all	HG03832
all	HG03833
all	HG03836
all	HG03837
all	HG03838
all	HG03844
all	HG03846
all	HG03848
all	HG03849
all	HG03850
all	HG03851
all	HG03854
all	HG03856
all	HG03857
all	HG03858
all	HG03861
all	HG03862
all	HG03863
all	HG03864
all	HG03866
all	HG03867
all	HG03868
all	HG03869
all	HG03870
all	HG03871
all	HG03872
all	HG03873
all	HG03874
all	HG03875
all	HG03882
all	HG03884
all	HG03885
all	HG03886
all	HG03887
all	HG03888
all	HG03890
all	HG03894
all	HG03895
all	HG03896
all	HG03897
all	HG03898
all	HG03899
all	HG03900
all	HG03902
all	HG03905
all	HG03907
all	HG03908
all	HG03910
all	HG03911
all	HG03913
all	HG03914
all	HG03916
all	HG03917
all	HG03919
all	HG03920
all	HG03922
all	HG03925
all	HG03926
all	HG03928
all	HG03931
all	HG03934
all	HG03937
all	HG03940
all	HG03941
all	HG03943
all	HG03944
all	HG03945
all	HG03947
all	HG03949
all	HG03950
all	HG03951
all	HG03953
all	HG03955
all	HG03960
all	HG03963
all	HG03965
all	HG03967
all	HG03968
all	HG03969
all	HG03971
all	HG03973
all	HG03974
all	HG03976
all	HG03977
all	HG03978
all	HG03985
all	HG03986
all	HG03989
all	HG03990
all	HG03991
all	HG03995
all	HG03998
all	HG03999
all	HG04001
all	HG04002
all	HG04003
all	HG04006
all	HG04014
all	HG04015
all	HG04017
all	HG04018
all	HG04019
all	HG04020
all	HG04022
all	HG04023
all	HG04025
all	HG04026
all	HG04029
all	HG04033
all	HG04035
all	HG04038
all	HG04039
all	HG04042
all	HG04047
all	HG04054
all	HG04056
all	HG04059
all	HG04060
all	HG04061
all	HG04062
all	HG04063
all	HG04070
all	HG04075
all	HG04076
all	HG04080
all	HG04090
all	HG04093
all	HG04094
all	HG04096
all	HG04098
all	HG04099
all	HG04100
all	HG04106
all	HG04107
all	HG04118
all	HG04131
all	HG04134
all	HG04140
all	HG04141
all	HG04144
all	HG04146
all	HG04152
all	HG04153
all	HG04155
all	HG04156
all	HG04158
all	HG04159
all	HG04161
all	HG04162
all	HG04164
all	HG04171
all	HG04173
all	HG04176
all	HG04177
all	HG04180
all	HG04182
all	HG04183
all	HG04185
all	HG04186
all	HG04188
all	HG04189
all	HG04194
all	HG04195
all	HG04198
all	HG04200
all	HG04202
all	HG04206
all	HG04209
all	HG04210
all	HG04211
all	HG04212
all	HG04214
all	HG04216
all	HG04219
all	HG04222
all	HG04225
all	HG04227
all	HG04229
all	HG04235
all	HG04238
all	HG04239
all	NA06984
all	NA06985
all	NA06986
all	NA06989
all	NA06994
all	NA07000
all	NA07037
all	NA07048
all	NA07051
all	NA07056
all	NA07347
all	NA07357
all	NA10847
all	NA10851
all	NA11829
all	NA11830
all	NA11831
all	NA11832
all	NA11840
all	NA11843
all	NA11881
all	NA11892
all	NA11893
all	NA11894
all	NA11918
all	NA11919
all	NA11920
all	NA11930
all	NA11931
all	NA11932
all	NA11933
all	NA11992
all	NA11994
all	NA11995
all	NA12003
all	NA12004
all	NA12005
all	NA12006
all	NA12043
all	NA12044
all	NA12045
all	NA12046
all	NA12058
all	NA12144
all	NA12154
all	NA12155
all	NA12156
all	NA12234
all	NA12249
all	NA12272
all	NA12273
all	NA12275
all	NA12282
all	NA12283
all	NA12286
all	NA12287
all	NA12340
all	NA12341
all	NA12342
all	NA12347
all	NA12348
all	NA12383
all	NA12399
all	NA12400
all	NA12413
all	NA12414
all	NA12489
all	NA12546
all	NA12716
all	NA12717
all	NA12718
all	NA12748
all	NA12749
all	NA12750
all	NA12751
all	NA12760
all	NA12761
all	NA12762
all	NA12763
all	NA12775
all	NA12776
all	NA12777
all	NA12778
all	NA12812
all	NA12813
all	NA12814
all	NA12815
all	NA12827
all	NA12828
all	NA12829
all	NA12830
all	NA12842
all	NA12843
all	NA12872
all	NA12873
all	NA12874
all	NA12878
all	NA12889
all	NA12890
all	NA18486
all	NA18488
all	NA18489
all	NA18498
all	NA18499
all	NA18501
all	NA18502
all	NA18504
all	NA18505
all	NA18507
all	NA18508
all	NA18510
all	NA18511
all	NA18516
all	NA18517
all	NA18519
all	NA18520
all	NA18522
all	NA18523
all	NA18525
all	NA18526
all	NA18528
all	NA18530
all	NA18531
all	NA18532
all	NA18533
all	NA18534
all	NA18535
all	NA18536
all	NA18537
all	NA18538
all	NA18539
all	NA18541
all	NA18542
all	NA18543
all	NA18544
all	NA18545
all	NA18546
all	NA18547
all	NA18548
all	NA18549
all	NA18550
all	NA18552
all	NA18553
all	NA18555
all	NA18557
all	NA18558
all	NA18559
all	NA18560
all	NA18561
all	NA18562
all	NA18563
all	NA18564
all	NA18565
all	NA18566
all	NA18567
all	NA18570
all	NA18571
all	NA18572
all	NA18573
all	NA18574
all	NA18577
all	NA18579
all	NA18582
all	NA18591
all	NA18592
all	NA18593
all	NA18595
all	NA18596
all	NA18597
all	NA18599
all	NA18602
all	NA18603
all	NA18605
all	NA18606
all	NA18608
all	NA18609
all	NA18610
all	NA18611
all	NA18612
all	NA18613
all	NA18614
all	NA18615
all	NA18616
all	NA18617
all	NA18618
all	NA18619
all	NA18620
all	NA18621
all	NA18622
all	NA18623
all	NA18624
all	NA18625
all	NA18626
all	NA18627
all	NA18628
all	NA18629
all	NA18630
all	NA18631
all	NA18632
all	NA18633
all	NA18634
all	NA18635
all	NA18636
all	NA18637
all	NA18638
all	NA18639
all	NA18640
all	NA18641
all	NA18642
all	NA18643
all	NA18644
all	NA18645
all	NA18646
all	NA18647
all	NA18648
all	NA18740
all	NA18745
all	NA18747
all	NA18748
all	NA18749
all	NA18757
all	NA18853
all	NA18856
all	NA18858
all	NA18861
all	NA18864
all	NA18865
all	NA18867
all	NA18868
all	NA18870
all	NA18871
all	NA18873
all	NA18874
all	NA18876
all	NA18877
all	NA18878
all	NA18879
all	NA18881
all	NA18907
all	NA18908
all	NA18909
all	NA18910
all	NA18912
all	NA18915
all	NA18916
all	NA18917
all	NA18923
all	NA18924
all	NA18933
all	NA18934
all	NA18939
all	NA18940
all	NA18941
all	NA18942
all	NA18943
all	NA18944
all	NA18945
all	NA18946
all	NA18947
all	NA18948
all	NA18949
all	NA18950
all	NA18951
all	NA18952
all	NA18953
all	NA18954
all	NA18956
all	NA18957
all	NA18959
all	NA18960
all	NA18961
all	NA18962
all	NA18963
all	NA18964
all	NA18965
all	NA18966
all	NA18967
all	NA18968
all	NA18969
all	NA18970
all	NA18971
all	NA18972
all	NA18973
all	NA18974
all	NA18975
all	NA18976
all	NA18977
all	NA18978
all	NA18979
all	NA18980
all	NA18981
all	NA18982
all	NA18983
all	NA18984
all	NA18985
all	NA18986
all	NA18987
all	NA18988
all	NA18989
all	NA18990
all	NA18991
all	NA18992
all	NA18993
all	NA18994
all	NA18995
all	NA18997
all	NA18998
all	NA18999
all	NA19000
all	NA19001
all	NA19002
all	NA19003
all	NA19004
all	NA19005
all	NA19006
all	NA19007
all	NA19009
all	NA19010
all	NA19011
all	NA19012
all	NA19017
all	NA19019
all	NA19020
all	NA19023
all	NA19024
all	NA19025
all	NA19026
all	NA19027
all	NA19028
all	NA19030
all	NA19031
all	NA19035
all	NA19036
all	NA19037
all	NA19038
all	NA19041
all	NA19042
all	NA19043
all	NA19054
all	NA19055
all	NA19056
all	NA19057
all	NA19058
all	NA19059
all	NA19060
all	NA19062
all	NA19063
all	NA19064
all	NA19065
all	NA19066
all	NA19067
all	NA19068
all	NA19070
all	NA19072
all	NA19074
all	NA19075
all	NA19076
all	NA19077
all	NA19078
all	NA19079
all	NA19080
all	NA19081
all	NA19082
all	NA19083
all	NA19084
all	NA19085
all	NA19086
all	NA19087
all	NA19088
all	NA19089
all	NA19090
all	NA19091
all	NA19092
all	NA19093
all	NA19095
all	NA19096
all	NA19098
all	NA19099
all	NA19102
all	NA19107
all	NA19108
all	NA19113
all	NA19114
all	NA19116
all	NA19117
all	NA19118
all	NA19119
all	NA19121
all	NA19129
all	NA19130
all	NA19131
all	NA19137
all	NA19138
all	NA19141
all	NA19143
all	NA19144
all	NA19146
all	NA19147
all	NA19149
all	NA19152
all	NA19153
all	NA19159
all	NA19160
all	NA19171
all	NA19172
all	NA19175
all	NA19184
all	NA19185
all	NA19189
all	NA19190
all	NA19197
all	NA19198
all	NA19200
all	NA19201
all	NA19204
all	NA19206
all	NA19207
all	NA19209
all	NA19210
all	NA19213
all	NA19214
all	NA19222
all	NA19223
all	NA19225
all	NA19235
all	NA19236
all	NA19238
all	NA19239
all	NA19247
all	NA19248
all	NA19256
all	NA19257
all	NA19307
all	NA19308
all	NA19309
all	NA19310
all	NA19312
all	NA19314
all	NA19315
all	NA19316
all	NA19317
all	NA19318
all	NA19319
all	NA19320
all	NA19321
all	NA19323
all	NA19324
all	NA19327
all	NA19328
all	NA19331
all	NA19332
all	NA19334
all	NA19338
all	NA19346
all	NA19347
all	NA19350
all	NA19351
all	NA19355
all	NA19360
all	NA19372
all	NA19374
all	NA19375
all	NA19376
all	NA19377
all	NA19378
all	NA19379
all	NA19380
all	NA19383
all	NA19384
all	NA19385
all	NA19390
all	NA19391
all	NA19393
all	NA19394
all	NA19395
all	NA19397
all	NA19399
all	NA19401
all	NA19403
all	NA19404
all	NA19428
all	NA19429
all	NA19430
all	NA19431
all	NA19434
all	NA19435
all	NA19436
all	NA19437
all	NA19438
all	NA19439
all	NA19440
all	NA19443
all	NA19445
all	NA19446
all	NA19448
all	NA19449
all	NA19451
all	NA19452
all	NA19454
all	NA19455
all	NA19456
all	NA19457
all	NA19461
all	NA19462
all	NA19463
all	NA19466
all	NA19467
all	NA19468
all	NA19471
all	NA19472
all	NA19473
all	NA19474
all	NA19475
all	NA19625
all	NA19648
all	NA19649
all	NA19651
all	NA19652
all	NA19654
all	NA19655
all	NA19657
all	NA19658
all	NA19661
all	NA19663
all	NA19664
all	NA19669
all	NA19670
all	NA19676
all	NA19678
all	NA19679
all	NA19681
all	NA19682
all	NA19684
all	NA19700
all	NA19701
all	NA19703
all	NA19704
all	NA19707
all	NA19711
all	NA19712
all	NA19713
all	NA19716
all	NA19717
all	NA19719
all	NA19720
all	NA19722
all	NA19723
all	NA19725
all	NA19726
all	NA19728
all	NA19729
all	NA19731
all	NA19732
all	NA19734
all	NA19735
all	NA19740
all	NA19741
all	NA19746
all	NA19747
all	NA19749
all	NA19750
all	NA19752
all	NA19755
all	NA19756
all	NA19758
all	NA19759
all	NA19761
all	NA19762
all	NA19764
all	NA19770
all	NA19771
all	NA19773
all	NA19774
all	NA19776
all	NA19777
all	NA19779
all	NA19780
all	NA19782
all	NA19783
all	NA19785
all	NA19786
all	NA19788
all	NA19789
all	NA19792
all	NA19794
all	NA19795
all	NA19818
all	NA19819
all	NA19834
all	NA19835
all	NA19900
all	NA19901
all	NA19904
all	NA19908
all	NA19909
all	NA19913
all	NA19914
all	NA19916
all	NA19917
all	NA19920
all	NA19921
all	NA19922
all	NA19923
all	NA19982
all	NA19984
all	NA20126
all	NA20127
all	NA20274
all	NA20276
all	NA20278
all	NA20281
all	NA20282
all	NA20287
all	NA20289
all	NA20291
all	NA20294
all	NA20296
all	NA20298
all	NA20299
all	NA20314
all	NA20317
all	NA20318
all	NA20320
all	NA20321
all	NA20332
all	NA20334
all	NA20339
all	NA20340
all	NA20342
all	NA20346
all	NA20348
all	NA20351
all	NA20355
all	NA20356
all	NA20357
all	NA20359
all	NA20362
all	NA20412
all	NA20502
all	NA20503
all	NA20504
all	NA20505
all	NA20506
all	NA20507
all	NA20508
all	NA20509
all	NA20510
all	NA20511
all	NA20512
all	NA20513
all	NA20514
all	NA20515
all	NA20516
all	NA20517
all	NA20518
all	NA20519
all	NA20520
all	NA20521
all	NA20522
all	NA20524
all	NA20525
all	NA20527
all	NA20528
all	NA20529
all	NA20530
all	NA20531
all	NA20532
all	NA20533
all	NA20534
all	NA20535
all	NA20536
all	NA20538
all	NA20539
all	NA20540
all	NA20541
all	NA20542
all	NA20543
all	NA20544
all	NA20581
all	NA20582
all	NA20585
all	NA20586
all	NA20587
all	NA20588
all	NA20589
all	NA20752
all	NA20753
all	NA20754
all	NA20755
all	NA20756
all	NA20757
all	NA20758
all	NA20759
all	NA20760
all	NA20761
all	NA20762
all	NA20763
all	NA20764
all	NA20765
all	NA20766
all	NA20767
all	NA20768
all	NA20769
all	NA20770
all	NA20771
all	NA20772
all	NA20773
all	NA20774
all	NA20775
all	NA20778
all	NA20783
all	NA20785
all	NA20786
all	NA20787
all	NA20790
all	NA20792
all	NA20795
all	NA20796
all	NA20797
all	NA20798
all	NA20799
all	NA20800
all	NA20801
all	NA20802
all	NA20803
all	NA20804
all	NA20805
all	NA20806
all	NA20807
all	NA20808
all	NA20809
all	NA20810
all	NA20811
all	NA20812
all	NA20813
all	NA20814
all	NA20815
all	NA20818
all	NA20819
all	NA20821
all	NA20822
all	NA20826
all	NA20827
all	NA20828
all	NA20832
all	NA20845
all	NA20846
all	NA20847
all	NA20849
all	NA20850
all	NA20851
all	NA20852
all	NA20853
all	NA20854
all	NA20856
all	NA20858
all	NA20859
all	NA20861
all	NA20862
all	NA20863
all	NA20864
all	NA20866
all	NA20867
all	NA20868
all	NA20869
all	NA20870
all	NA20872
all	NA20874
all	NA20875
all	NA20876
all	NA20877
all	NA20878
all	NA20881
all	NA20882
all	NA20884
all	NA20885
all	NA20886
all	NA20887
all	NA20888
all	NA20889
all	NA20890
all	NA20891
all	NA20892
all	NA20894
all	NA20895
all	NA20896
all	NA20897
all	NA20899
all	NA20900
all	NA20901
all	NA20902
all	NA20903
all	NA20904
all	NA20905
all	NA20906
all	NA20908
all	NA20910
all	NA20911
all	NA21086
all	NA21087
all	NA21088
all	NA21089
all	NA21090
all	NA21091
all	NA21092
all	NA21093
all	NA21094
all	NA21095
all	NA21097
all	NA21098
all	NA21099
all	NA21100
all	NA21101
all	NA21102
all	NA21103
all	NA21104
all	NA21105
all	NA21106
all	NA21107
all	NA21108
all	NA21109
all	NA21110
all	NA21111
all	NA21112
all	NA21113
all	NA21114
all	NA21115
all	NA21116
all	NA21117
all	NA21118
all	NA21119
all	NA21120
all	NA21122
all	NA21123
all	NA21124
all	NA21125
all	NA21126
all	NA21127
all	NA21128
all	NA21129
all	NA21130
all	NA21133
all	NA21135
all	NA21137
all	NA21141
all	NA21142
all	NA21143
all	NA21144
