subject_id	reported_sex	consent_code	study_nickname	dbgap_submission
NA19919	M	NRUP	HapMap	FALSE
NA19916	M	NRUP	HapMap	FALSE
NA19835	F	NRUP	HapMap	FALSE
NA20282	F	NRUP	HapMap	FALSE
NA19703	M	NRUP	HapMap	FALSE
NA19902	F	NRUP	HapMap	FALSE
NA19901	F	NRUP	HapMap	FALSE
NA19908	M	NRUP	HapMap	FALSE
NA19914	F	NRUP	HapMap	FALSE
NA20287	F	NRUP	HapMap	FALSE
NA20335	M	NRUP	HapMap	FALSE
NA19713	F	NRUP	HapMap	FALSE
NA19904	M	NRUP	HapMap	FALSE
NA19917	F	NRUP	HapMap	FALSE
NA19982	M	NRUP	HapMap	FALSE
NA20340	M	NRUP	HapMap	FALSE
NA20297	M	NRUP	HapMap	FALSE
NA19909	F	NRUP	HapMap	FALSE
NA19834	M	NRUP	HapMap	FALSE
NA20317	F	NRUP	HapMap	FALSE
NA19818	M	NRUP	HapMap	FALSE
NA20290	F	NRUP	HapMap	FALSE
NA20295	M	NRUP	HapMap	FALSE
NA20346	M	NRUP	HapMap	FALSE
NA19921	F	NRUP	HapMap	FALSE
NA20281	M	NRUP	HapMap	FALSE
NA20359	F	NRUP	HapMap	FALSE
NA20301	F	NRUP	HapMap	FALSE
NA20349	M	NRUP	HapMap	FALSE
NA20294	F	NRUP	HapMap	FALSE
NA20337	F	NRUP	HapMap	FALSE
NA20357	F	NRUP	HapMap	FALSE
NA19900	M	NRUP	HapMap	FALSE
NA20128	F	NRUP	HapMap	FALSE
NA20348	M	NRUP	HapMap	FALSE
NA20289	F	NRUP	HapMap	FALSE
NA20344	F	NRUP	HapMap	FALSE
NA20333	F	NRUP	HapMap	FALSE
NA20277	F	NRUP	HapMap	FALSE
NA20300	F	NRUP	HapMap	FALSE
NA19819	F	NRUP	HapMap	FALSE
NA20343	M	NRUP	HapMap	FALSE
NA19625	F	NRUP	HapMap	FALSE
NA20332	F	NRUP	HapMap	FALSE
NA19700	M	NRUP	HapMap	FALSE
NA20291	M	NRUP	HapMap	FALSE
NA20342	M	NRUP	HapMap	FALSE
NA20334	F	NRUP	HapMap	FALSE
NA20356	M	NRUP	HapMap	FALSE
NA20292	F	NRUP	HapMap	FALSE
NA20350	M	NRUP	HapMap	FALSE
NA19983	F	NRUP	HapMap	FALSE
NA20279	M	NRUP	HapMap	FALSE
NA20288	M	NRUP	HapMap	FALSE
NA20284	M	NRUP	HapMap	FALSE
NA19712	F	NRUP	HapMap	FALSE
NA20322	F	NRUP	HapMap	FALSE
NA19704	F	NRUP	HapMap	FALSE
NA19714	F	NRUP	HapMap	FALSE
NA19701	F	NRUP	HapMap	FALSE
NA20358	M	NRUP	HapMap	FALSE
NA20363	F	NRUP	HapMap	FALSE
NA20360	M	NRUP	HapMap	FALSE
NA20129	F	NRUP	HapMap	FALSE
NA19705	M	NRUP	HapMap	FALSE
NA19836	F	NRUP	HapMap	FALSE
NA20319	F	NRUP	HapMap	FALSE
NA20345	M	NRUP	HapMap	FALSE
NA20302	M	NRUP	HapMap	FALSE
NA19711	M	NRUP	HapMap	FALSE
NA20347	M	NRUP	HapMap	FALSE
NA19702	M	NRUP	HapMap	FALSE
NA20126	M	NRUP	HapMap	FALSE
NA20364	F	NRUP	HapMap	FALSE
NA20336	F	NRUP	HapMap	FALSE
NA19915	M	NRUP	HapMap	FALSE
NA19708	F	NRUP	HapMap	FALSE
NA20341	F	NRUP	HapMap	FALSE
NA19918	M	NRUP	HapMap	FALSE
NA19828	M	NRUP	HapMap	FALSE
NA19985	F	NRUP	HapMap	FALSE
NA20276	F	NRUP	HapMap	FALSE
NA20127	F	NRUP	HapMap	FALSE
NA19984	M	NRUP	HapMap	FALSE
NA20298	M	NRUP	HapMap	FALSE
NA20351	M	NRUP	HapMap	FALSE
NA20412	F	NRUP	HapMap	FALSE
NA06989	F	NRUP	HapMap	FALSE
NA11891	M	NRUP	HapMap	FALSE
NA11843	M	NRUP	HapMap	FALSE
NA12341	F	NRUP	HapMap	FALSE
NA12739	M	NRUP	HapMap	FALSE
NA10850	F	NRUP	HapMap	FALSE
NA06984	M	NRUP	HapMap	FALSE
NA12877	M	NRUP	HapMap	FALSE
NA12275	F	NRUP	HapMap	FALSE
NA06986	M	NRUP	HapMap	FALSE
NA12272	M	NRUP	HapMap	FALSE
NA10845	M	NRUP	HapMap	FALSE
NA10852	F	NRUP	HapMap	FALSE
NA07051	M	NRUP	HapMap	FALSE
NA12400	F	NRUP	HapMap	FALSE
NA12344	M	NRUP	HapMap	FALSE
NA12777	M	NRUP	HapMap	FALSE
NA12287	F	NRUP	HapMap	FALSE
NA10837	M	NRUP	HapMap	FALSE
NA12383	F	NRUP	HapMap	FALSE
NA12340	M	NRUP	HapMap	FALSE
NA12708	F	NRUP	HapMap	FALSE
NA12273	F	NRUP	HapMap	FALSE
NA11892	F	NRUP	HapMap	FALSE
NA12546	M	NRUP	HapMap	FALSE
NA12843	F	NRUP	HapMap	FALSE
NA12766	M	NRUP	HapMap	FALSE
NA12348	F	NRUP	HapMap	FALSE
NA12817	M	NRUP	HapMap	FALSE
NA10840	F	NRUP	HapMap	FALSE
NA06997	F	NRUP	HapMap	FALSE
NA11917	M	NRUP	HapMap	FALSE
NA12718	F	NRUP	HapMap	FALSE
NA12282	M	NRUP	HapMap	FALSE
NA11920	F	NRUP	HapMap	FALSE
NA12776	F	NRUP	HapMap	FALSE
NA12283	F	NRUP	HapMap	FALSE
NA07435	M	NRUP	HapMap	FALSE
NA12828	F	NRUP	HapMap	FALSE
NA07045	F	NRUP	HapMap	FALSE
NA07031	F	NRUP	HapMap	FALSE
NA12336	F	NRUP	HapMap	FALSE
NA07349	M	NRUP	HapMap	FALSE
NA12827	M	NRUP	HapMap	FALSE
NA12375	M	NRUP	HapMap	FALSE
NA12343	F	NRUP	HapMap	FALSE
NA12335	M	NRUP	HapMap	FALSE
NA12778	F	NRUP	HapMap	FALSE
NA12832	F	NRUP	HapMap	FALSE
NA11930	M	NRUP	HapMap	FALSE
NA12890	F	NRUP	HapMap	FALSE
NA07037	F	NRUP	HapMap	FALSE
NA07347	M	NRUP	HapMap	FALSE
NA12829	M	NRUP	HapMap	FALSE
NA12749	F	NRUP	HapMap	FALSE
NA11894	F	NRUP	HapMap	FALSE
NA12286	M	NRUP	HapMap	FALSE
NA10865	M	NRUP	HapMap	FALSE
NA10864	F	NRUP	HapMap	FALSE
NA10853	M	NRUP	HapMap	FALSE
NA11918	F	NRUP	HapMap	FALSE
NA12830	F	NRUP	HapMap	FALSE
NA12818	F	NRUP	HapMap	FALSE
NA10836	F	NRUP	HapMap	FALSE
NA11893	M	NRUP	HapMap	FALSE
NA11919	M	NRUP	HapMap	FALSE
NA12489	F	NRUP	HapMap	FALSE
NA12399	M	NRUP	HapMap	FALSE
NA12413	M	NRUP	HapMap	FALSE
NA10843	F	NRUP	HapMap	FALSE
NA12842	M	NRUP	HapMap	FALSE
NA12347	M	NRUP	HapMap	FALSE
NA07346	F	NRUP	HapMap	FALSE
NA12775	M	NRUP	HapMap	FALSE
NA07014	F	NRUP	HapMap	FALSE
NA12767	F	NRUP	HapMap	FALSE
NA12889	M	NRUP	HapMap	FALSE
NA12386	F	NRUP	HapMap	FALSE
NA06995	M	NRUP	HapMap	FALSE
NA12376	F	NRUP	HapMap	FALSE
NA12342	M	NRUP	HapMap	FALSE
NA12748	M	NRUP	HapMap	FALSE
NA11931	F	NRUP	HapMap	FALSE
NA12045	M	NRUP	HapMap	FALSE
NA12750	M	NRUP	HapMap	FALSE
NA11831	M	NRUP	HapMap	FALSE
NA12146	M	NRUP	HapMap	FALSE
NA11882	F	NRUP	HapMap	FALSE
NA07056	F	NRUP	HapMap	FALSE
NA12707	M	NRUP	HapMap	FALSE
NA12154	M	NRUP	HapMap	FALSE
NA12753	F	NRUP	HapMap	FALSE
NA11839	M	NRUP	HapMap	FALSE
NA10859	F	NRUP	HapMap	FALSE
NA12875	F	NRUP	HapMap	FALSE
NA07348	F	NRUP	HapMap	FALSE
NA12156	F	NRUP	HapMap	FALSE
NA12044	F	NRUP	HapMap	FALSE
NA11992	M	NRUP	HapMap	FALSE
NA11829	M	NRUP	HapMap	FALSE
NA12239	F	NRUP	HapMap	FALSE
NA12762	M	NRUP	HapMap	FALSE
NA12716	M	NRUP	HapMap	FALSE
NA12878	F	NRUP	HapMap	FALSE
NA10856	M	NRUP	HapMap	FALSE
NA12874	M	NRUP	HapMap	FALSE
NA12760	M	NRUP	HapMap	FALSE
NA06985	F	NRUP	HapMap	FALSE
NA12003	M	NRUP	HapMap	FALSE
NA10835	M	NRUP	HapMap	FALSE
NA07022	M	NRUP	HapMap	FALSE
NA12813	F	NRUP	HapMap	FALSE
NA10839	F	NRUP	HapMap	FALSE
NA07055	F	NRUP	HapMap	FALSE
NA12056	M	NRUP	HapMap	FALSE
NA10863	F	NRUP	HapMap	FALSE
NA12145	F	NRUP	HapMap	FALSE
NA12814	M	NRUP	HapMap	FALSE
NA10847	F	NRUP	HapMap	FALSE
NA12006	F	NRUP	HapMap	FALSE
NA12763	F	NRUP	HapMap	FALSE
NA07357	M	NRUP	HapMap	FALSE
NA12144	M	NRUP	HapMap	FALSE
NA10831	F	NRUP	HapMap	FALSE
NA07000	F	NRUP	HapMap	FALSE
NA11832	F	NRUP	HapMap	FALSE
NA06991	F	NRUP	HapMap	FALSE
NA11840	F	NRUP	HapMap	FALSE
NA12802	F	NRUP	HapMap	FALSE
NA12761	F	NRUP	HapMap	FALSE
NA10830	M	NRUP	HapMap	FALSE
NA10855	F	NRUP	HapMap	FALSE
NA06994	M	NRUP	HapMap	FALSE
NA11993	F	NRUP	HapMap	FALSE
NA11995	F	NRUP	HapMap	FALSE
NA12891	M	NRUP	HapMap	FALSE
NA12864	M	NRUP	HapMap	FALSE
NA12751	F	NRUP	HapMap	FALSE
NA10861	F	NRUP	HapMap	FALSE
NA12005	M	NRUP	HapMap	FALSE
NA12234	F	NRUP	HapMap	FALSE
NA07345	F	NRUP	HapMap	FALSE
NA07029	M	NRUP	HapMap	FALSE
NA12892	F	NRUP	HapMap	FALSE
NA12248	M	NRUP	HapMap	FALSE
NA10846	M	NRUP	HapMap	FALSE
NA12801	M	NRUP	HapMap	FALSE
NA12872	M	NRUP	HapMap	FALSE
NA12155	M	NRUP	HapMap	FALSE
NA06993	M	NRUP	HapMap	FALSE
NA11830	F	NRUP	HapMap	FALSE
NA10838	M	NRUP	HapMap	FALSE
NA12249	F	NRUP	HapMap	FALSE
NA12057	F	NRUP	HapMap	FALSE
NA12812	M	NRUP	HapMap	FALSE
NA11881	M	NRUP	HapMap	FALSE
NA11994	M	NRUP	HapMap	FALSE
NA12873	F	NRUP	HapMap	FALSE
NA12815	F	NRUP	HapMap	FALSE
NA12740	F	NRUP	HapMap	FALSE
NA12752	M	NRUP	HapMap	FALSE
NA12043	M	NRUP	HapMap	FALSE
NA12264	M	NRUP	HapMap	FALSE
NA10854	F	NRUP	HapMap	FALSE
NA12865	F	NRUP	HapMap	FALSE
NA18597	F	NRUP	HapMap	FALSE
NA18615	F	NRUP	HapMap	FALSE
NA18557	M	NRUP	HapMap	FALSE
NA18628	F	NRUP	HapMap	FALSE
NA18745	M	NRUP	HapMap	FALSE
NA18640	F	NRUP	HapMap	FALSE
NA18747	M	NRUP	HapMap	FALSE
NA18596	F	NRUP	HapMap	FALSE
NA18536	M	NRUP	HapMap	FALSE
NA18599	F	NRUP	HapMap	FALSE
NA18544	M	NRUP	HapMap	FALSE
NA18602	F	NRUP	HapMap	FALSE
NA18614	F	NRUP	HapMap	FALSE
NA18548	M	NRUP	HapMap	FALSE
NA18616	F	NRUP	HapMap	FALSE
NA18559	M	NRUP	HapMap	FALSE
NA18619	F	NRUP	HapMap	FALSE
NA18638	M	NRUP	HapMap	FALSE
NA18639	M	NRUP	HapMap	FALSE
NA18627	F	NRUP	HapMap	FALSE
NA18631	F	NRUP	HapMap	FALSE
NA18634	F	NRUP	HapMap	FALSE
NA18642	F	NRUP	HapMap	FALSE
NA18626	F	NRUP	HapMap	FALSE
NA18543	M	NRUP	HapMap	FALSE
NA18610	F	NRUP	HapMap	FALSE
NA18617	F	NRUP	HapMap	FALSE
NA18613	M	NRUP	HapMap	FALSE
NA18647	M	NRUP	HapMap	FALSE
NA18630	F	NRUP	HapMap	FALSE
NA18641	F	NRUP	HapMap	FALSE
NA18748	M	NRUP	HapMap	FALSE
NA18749	M	NRUP	HapMap	FALSE
NA18757	M	NRUP	HapMap	FALSE
NA18546	M	NRUP	HapMap	FALSE
NA18643	M	NRUP	HapMap	FALSE
NA18645	M	NRUP	HapMap	FALSE
NA18534	M	NRUP	HapMap	FALSE
NA18595	F	NRUP	HapMap	FALSE
NA18618	F	NRUP	HapMap	FALSE
NA18740	M	NRUP	HapMap	FALSE
NA18524	M	NRUP	HapMap	FALSE
NA18635	M	NRUP	HapMap	FALSE
NA18537	F	NRUP	HapMap	FALSE
NA18572	M	NRUP	HapMap	FALSE
NA18592	F	NRUP	HapMap	FALSE
NA18526	F	NRUP	HapMap	FALSE
NA18529	F	NRUP	HapMap	FALSE
NA18558	M	NRUP	HapMap	FALSE
NA18562	M	NRUP	HapMap	FALSE
NA18545	F	NRUP	HapMap	FALSE
NA18609	M	NRUP	HapMap	FALSE
NA18552	F	NRUP	HapMap	FALSE
NA18611	M	NRUP	HapMap	FALSE
NA18555	F	NRUP	HapMap	FALSE
NA18566	F	NRUP	HapMap	FALSE
NA18563	M	NRUP	HapMap	FALSE
NA18570	F	NRUP	HapMap	FALSE
NA18612	M	NRUP	HapMap	FALSE
NA18621	M	NRUP	HapMap	FALSE
NA18622	M	NRUP	HapMap	FALSE
NA18573	F	NRUP	HapMap	FALSE
NA18577	F	NRUP	HapMap	FALSE
NA18579	F	NRUP	HapMap	FALSE
NA18632	M	NRUP	HapMap	FALSE
NA18636	M	NRUP	HapMap	FALSE
NA18593	F	NRUP	HapMap	FALSE
NA18603	M	NRUP	HapMap	FALSE
NA18624	M	NRUP	HapMap	FALSE
NA18550	F	NRUP	HapMap	FALSE
NA18605	M	NRUP	HapMap	FALSE
NA18542	F	NRUP	HapMap	FALSE
NA18532	F	NRUP	HapMap	FALSE
NA18561	M	NRUP	HapMap	FALSE
NA18608	M	NRUP	HapMap	FALSE
NA18564	F	NRUP	HapMap	FALSE
NA18571	F	NRUP	HapMap	FALSE
NA18620	M	NRUP	HapMap	FALSE
NA18623	M	NRUP	HapMap	FALSE
NA18576	F	NRUP	HapMap	FALSE
NA18582	F	NRUP	HapMap	FALSE
NA18633	M	NRUP	HapMap	FALSE
NA18637	M	NRUP	HapMap	FALSE
NA18594	F	NRUP	HapMap	FALSE
NA18792	F	NRUP	HapMap	FALSE
NA18795	F	NRUP	HapMap	FALSE
NA18794	M	NRUP	HapMap	FALSE
NA18538	F	NRUP	HapMap	FALSE
NA18541	F	NRUP	HapMap	FALSE
NA18580	F	NRUP	HapMap	FALSE
NA18591	F	NRUP	HapMap	FALSE
NA18644	F	NRUP	HapMap	FALSE
NA18649	F	NRUP	HapMap	FALSE
NA18739	F	NRUP	HapMap	FALSE
NA18751	F	NRUP	HapMap	FALSE
NA18752	F	NRUP	HapMap	FALSE
NA18763	F	NRUP	HapMap	FALSE
NA18769	M	NRUP	HapMap	FALSE
NA18771	F	NRUP	HapMap	FALSE
NA18773	M	NRUP	HapMap	FALSE
NA18774	F	NRUP	HapMap	FALSE
NA18779	F	NRUP	HapMap	FALSE
NA18780	F	NRUP	HapMap	FALSE
NA18525	F	NRUP	HapMap	FALSE
NA18553	F	NRUP	HapMap	FALSE
NA18567	F	NRUP	HapMap	FALSE
NA18569	F	NRUP	HapMap	FALSE
NA18583	F	NRUP	HapMap	FALSE
NA18629	M	NRUP	HapMap	FALSE
NA18648	M	NRUP	HapMap	FALSE
NA18741	F	NRUP	HapMap	FALSE
NA18742	F	NRUP	HapMap	FALSE
NA18743	F	NRUP	HapMap	FALSE
NA18755	F	NRUP	HapMap	FALSE
NA18758	F	NRUP	HapMap	FALSE
NA18759	F	NRUP	HapMap	FALSE
NA18760	F	NRUP	HapMap	FALSE
NA18761	M	NRUP	HapMap	FALSE
NA18762	F	NRUP	HapMap	FALSE
NA18765	M	NRUP	HapMap	FALSE
NA18777	F	NRUP	HapMap	FALSE
NA18783	M	NRUP	HapMap	FALSE
NA18787	M	NRUP	HapMap	FALSE
NA18790	F	NRUP	HapMap	FALSE
NA18527	F	NRUP	HapMap	FALSE
NA18528	F	NRUP	HapMap	FALSE
NA18531	F	NRUP	HapMap	FALSE
NA18533	F	NRUP	HapMap	FALSE
NA18560	F	NRUP	HapMap	FALSE
NA18750	F	NRUP	HapMap	FALSE
NA18772	M	NRUP	HapMap	FALSE
NA18778	F	NRUP	HapMap	FALSE
NA18784	F	NRUP	HapMap	FALSE
NA18785	F	NRUP	HapMap	FALSE
NA18798	M	NRUP	HapMap	FALSE
NA18539	F	NRUP	HapMap	FALSE
NA18568	F	NRUP	HapMap	FALSE
NA17970	F	NRUP	HapMap	FALSE
NA17977	F	NRUP	HapMap	FALSE
NA17981	F	NRUP	HapMap	FALSE
NA17993	F	NRUP	HapMap	FALSE
NA18101	F	NRUP	HapMap	FALSE
NA18105	F	NRUP	HapMap	FALSE
NA18109	F	NRUP	HapMap	FALSE
NA18129	F	NRUP	HapMap	FALSE
NA18135	F	NRUP	HapMap	FALSE
NA18139	F	NRUP	HapMap	FALSE
NA18144	F	NRUP	HapMap	FALSE
NA18150	F	NRUP	HapMap	FALSE
NA18154	F	NRUP	HapMap	FALSE
NA18162	F	NRUP	HapMap	FALSE
NA17974	M	NRUP	HapMap	FALSE
NA17975	M	NRUP	HapMap	FALSE
NA17980	M	NRUP	HapMap	FALSE
NA17986	M	NRUP	HapMap	FALSE
NA17989	M	NRUP	HapMap	FALSE
NA17997	M	NRUP	HapMap	FALSE
NA18106	M	NRUP	HapMap	FALSE
NA18114	M	NRUP	HapMap	FALSE
NA18122	M	NRUP	HapMap	FALSE
NA18138	M	NRUP	HapMap	FALSE
NA18149	M	NRUP	HapMap	FALSE
NA17987	F	NRUP	HapMap	FALSE
NA17988	F	NRUP	HapMap	FALSE
NA17998	F	NRUP	HapMap	FALSE
NA18107	F	NRUP	HapMap	FALSE
NA18108	F	NRUP	HapMap	FALSE
NA18128	F	NRUP	HapMap	FALSE
NA18146	F	NRUP	HapMap	FALSE
NA18148	F	NRUP	HapMap	FALSE
NA18161	F	NRUP	HapMap	FALSE
NA18670	F	NRUP	HapMap	FALSE
NA18694	F	NRUP	HapMap	FALSE
NA18696	F	NRUP	HapMap	FALSE
NA17965	M	NRUP	HapMap	FALSE
NA17967	M	NRUP	HapMap	FALSE
NA17969	M	NRUP	HapMap	FALSE
NA17983	M	NRUP	HapMap	FALSE
NA18117	M	NRUP	HapMap	FALSE
NA18120	M	NRUP	HapMap	FALSE
NA18124	M	NRUP	HapMap	FALSE
NA18125	M	NRUP	HapMap	FALSE
NA18127	M	NRUP	HapMap	FALSE
NA18132	M	NRUP	HapMap	FALSE
NA18141	M	NRUP	HapMap	FALSE
NA18143	M	NRUP	HapMap	FALSE
NA18147	M	NRUP	HapMap	FALSE
NA18155	M	NRUP	HapMap	FALSE
NA18158	M	NRUP	HapMap	FALSE
NA18674	M	NRUP	HapMap	FALSE
NA17982	F	NRUP	HapMap	FALSE
NA17990	F	NRUP	HapMap	FALSE
NA18112	F	NRUP	HapMap	FALSE
NA18118	F	NRUP	HapMap	FALSE
NA18151	F	NRUP	HapMap	FALSE
NA18153	F	NRUP	HapMap	FALSE
NA18702	F	NRUP	HapMap	FALSE
NA18704	F	NRUP	HapMap	FALSE
NA17976	M	NRUP	HapMap	FALSE
NA17979	M	NRUP	HapMap	FALSE
NA18156	M	NRUP	HapMap	FALSE
NA18152	M	NRUP	HapMap	FALSE
NA18160	M	NRUP	HapMap	FALSE
NA18682	M	NRUP	HapMap	FALSE
NA18689	M	NRUP	HapMap	FALSE
NA18685	M	NRUP	HapMap	FALSE
NA17962	F	NRUP	HapMap	FALSE
NA17966	F	NRUP	HapMap	FALSE
NA17999	M	NRUP	HapMap	FALSE
NA17968	F	NRUP	HapMap	FALSE
NA17995	F	NRUP	HapMap	FALSE
NA17996	F	NRUP	HapMap	FALSE
NA18131	F	NRUP	HapMap	FALSE
NA18134	F	NRUP	HapMap	FALSE
NA18157	F	NRUP	HapMap	FALSE
NA18159	F	NRUP	HapMap	FALSE
NA17972	M	NRUP	HapMap	FALSE
NA18133	M	NRUP	HapMap	FALSE
NA18166	M	NRUP	HapMap	FALSE
NA18102	M	NRUP	HapMap	FALSE
NA18136	M	NRUP	HapMap	FALSE
NA18140	F	NRUP	HapMap	FALSE
NA17978	F	NRUP	HapMap	FALSE
NA18104	M	NRUP	HapMap	FALSE
NA18113	M	NRUP	HapMap	FALSE
NA18116	F	NRUP	HapMap	FALSE
NA18126	F	NRUP	HapMap	FALSE
NA18679	M	NRUP	HapMap	FALSE
NA18683	F	NRUP	HapMap	FALSE
NA18684	F	NRUP	HapMap	FALSE
NA18686	F	NRUP	HapMap	FALSE
NA18145	M	NRUP	HapMap	FALSE
NA18164	F	NRUP	HapMap	FALSE
NA18669	M	NRUP	HapMap	FALSE
NA18671	F	NRUP	HapMap	FALSE
NA18675	M	NRUP	HapMap	FALSE
NA18690	F	NRUP	HapMap	FALSE
NA18701	M	NRUP	HapMap	FALSE
NA18706	M	NRUP	HapMap	FALSE
NA18119	F	NRUP	HapMap	FALSE
NA18123	F	NRUP	HapMap	FALSE
NA18692	F	NRUP	HapMap	FALSE
NA18695	F	NRUP	HapMap	FALSE
NA18697	F	NRUP	HapMap	FALSE
NA18699	F	NRUP	HapMap	FALSE
NA18708	M	NRUP	HapMap	FALSE
NA20847	F	NRUP	HapMap	FALSE
NA20849	F	NRUP	HapMap	FALSE
NA20851	F	NRUP	HapMap	FALSE
NA20853	F	NRUP	HapMap	FALSE
NA20906	F	NRUP	HapMap	FALSE
NA20866	M	NRUP	HapMap	FALSE
NA21104	M	NRUP	HapMap	FALSE
NA20907	F	NRUP	HapMap	FALSE
NA20908	F	NRUP	HapMap	FALSE
NA21086	F	NRUP	HapMap	FALSE
NA21101	F	NRUP	HapMap	FALSE
NA21106	F	NRUP	HapMap	FALSE
NA21125	F	NRUP	HapMap	FALSE
NA21137	F	NRUP	HapMap	FALSE
NA21141	F	NRUP	HapMap	FALSE
NA21142	F	NRUP	HapMap	FALSE
NA20883	M	NRUP	HapMap	FALSE
NA20891	M	NRUP	HapMap	FALSE
NA20901	M	NRUP	HapMap	FALSE
NA21090	M	NRUP	HapMap	FALSE
NA21092	M	NRUP	HapMap	FALSE
NA21094	M	NRUP	HapMap	FALSE
NA21098	M	NRUP	HapMap	FALSE
NA21100	M	NRUP	HapMap	FALSE
NA21105	M	NRUP	HapMap	FALSE
NA21107	M	NRUP	HapMap	FALSE
NA21109	M	NRUP	HapMap	FALSE
NA20888	F	NRUP	HapMap	FALSE
NA20892	F	NRUP	HapMap	FALSE
NA20900	F	NRUP	HapMap	FALSE
NA20910	F	NRUP	HapMap	FALSE
NA21088	F	NRUP	HapMap	FALSE
NA21089	F	NRUP	HapMap	FALSE
NA21102	F	NRUP	HapMap	FALSE
NA20845	M	NRUP	HapMap	FALSE
NA20850	M	NRUP	HapMap	FALSE
NA20852	M	NRUP	HapMap	FALSE
NA20858	M	NRUP	HapMap	FALSE
NA20870	M	NRUP	HapMap	FALSE
NA20889	M	NRUP	HapMap	FALSE
NA20897	M	NRUP	HapMap	FALSE
NA20904	M	NRUP	HapMap	FALSE
NA20911	M	NRUP	HapMap	FALSE
NA21099	M	NRUP	HapMap	FALSE
NA21112	M	NRUP	HapMap	FALSE
NA21116	M	NRUP	HapMap	FALSE
NA20862	F	NRUP	HapMap	FALSE
NA21143	F	NRUP	HapMap	FALSE
NA21144	F	NRUP	HapMap	FALSE
NA20871	M	NRUP	HapMap	FALSE
NA20887	M	NRUP	HapMap	FALSE
NA20890	M	NRUP	HapMap	FALSE
NA20898	M	NRUP	HapMap	FALSE
NA20903	M	NRUP	HapMap	FALSE
NA20909	M	NRUP	HapMap	FALSE
NA21113	M	NRUP	HapMap	FALSE
NA21115	M	NRUP	HapMap	FALSE
NA21118	M	NRUP	HapMap	FALSE
NA21119	M	NRUP	HapMap	FALSE
NA21123	M	NRUP	HapMap	FALSE
NA21097	F	NRUP	HapMap	FALSE
NA20882	F	NRUP	HapMap	FALSE
NA20894	F	NRUP	HapMap	FALSE
NA20896	F	NRUP	HapMap	FALSE
NA20902	F	NRUP	HapMap	FALSE
NA20895	M	NRUP	HapMap	FALSE
NA20856	F	NRUP	HapMap	FALSE
NA20869	F	NRUP	HapMap	FALSE
NA20872	F	NRUP	HapMap	FALSE
NA20874	F	NRUP	HapMap	FALSE
NA20854	F	NRUP	HapMap	FALSE
NA20879	F	NRUP	HapMap	FALSE
NA21111	M	NRUP	HapMap	FALSE
NA20846	M	NRUP	HapMap	FALSE
NA20899	F	NRUP	HapMap	FALSE
NA21108	F	NRUP	HapMap	FALSE
NA20861	M	NRUP	HapMap	FALSE
NA20873	M	NRUP	HapMap	FALSE
NA20884	M	NRUP	HapMap	FALSE
NA21091	M	NRUP	HapMap	FALSE
NA20875	F	NRUP	HapMap	FALSE
NA20876	F	NRUP	HapMap	FALSE
NA20877	F	NRUP	HapMap	FALSE
NA21103	F	NRUP	HapMap	FALSE
NA20885	M	NRUP	HapMap	FALSE
NA21117	M	NRUP	HapMap	FALSE
NA20859	F	NRUP	HapMap	FALSE
NA20881	F	NRUP	HapMap	FALSE
NA21095	M	NRUP	HapMap	FALSE
NA21114	M	NRUP	HapMap	FALSE
NA21129	M	NRUP	HapMap	FALSE
NA21134	M	NRUP	HapMap	FALSE
NA20867	M	NRUP	HapMap	FALSE
NA21131	M	NRUP	HapMap	FALSE
NA20905	M	NRUP	HapMap	FALSE
NA21087	M	NRUP	HapMap	FALSE
NA21093	M	NRUP	HapMap	FALSE
NA20863	M	NRUP	HapMap	FALSE
NA21124	M	NRUP	HapMap	FALSE
NA21126	M	NRUP	HapMap	FALSE
NA21132	M	NRUP	HapMap	FALSE
NA18946	F	NRUP	HapMap	FALSE
NA18979	F	NRUP	HapMap	FALSE
NA19058	M	NRUP	HapMap	FALSE
NA18993	F	NRUP	HapMap	FALSE
NA19060	M	NRUP	HapMap	FALSE
NA19062	M	NRUP	HapMap	FALSE
NA18955	M	NRUP	HapMap	FALSE
NA18962	M	NRUP	HapMap	FALSE
NA18977	M	NRUP	HapMap	FALSE
NA18954	F	NRUP	HapMap	FALSE
NA19066	M	NRUP	HapMap	FALSE
NA19010	F	NRUP	HapMap	FALSE
NA19054	F	NRUP	HapMap	FALSE
NA19064	F	NRUP	HapMap	FALSE
NA19072	M	NRUP	HapMap	FALSE
NA19075	M	NRUP	HapMap	FALSE
NA19065	F	NRUP	HapMap	FALSE
NA19074	F	NRUP	HapMap	FALSE
NA19076	M	NRUP	HapMap	FALSE
NA19063	M	NRUP	HapMap	FALSE
NA19002	F	NRUP	HapMap	FALSE
NA19067	M	NRUP	HapMap	FALSE
NA19057	F	NRUP	HapMap	FALSE
NA19068	M	NRUP	HapMap	FALSE
NA19059	F	NRUP	HapMap	FALSE
NA19070	M	NRUP	HapMap	FALSE
NA19077	F	NRUP	HapMap	FALSE
NA19078	F	NRUP	HapMap	FALSE
NA19079	M	NRUP	HapMap	FALSE
NA19080	F	NRUP	HapMap	FALSE
NA19081	F	NRUP	HapMap	FALSE
NA19083	M	NRUP	HapMap	FALSE
NA19085	M	NRUP	HapMap	FALSE
NA19084	F	NRUP	HapMap	FALSE
NA19086	M	NRUP	HapMap	FALSE
NA18939	F	NRUP	HapMap	FALSE
NA19088	M	NRUP	HapMap	FALSE
NA19087	F	NRUP	HapMap	FALSE
NA19055	M	NRUP	HapMap	FALSE
NA18957	F	NRUP	HapMap	FALSE
NA18963	F	NRUP	HapMap	FALSE
NA19001	F	NRUP	HapMap	FALSE
NA19009	M	NRUP	HapMap	FALSE
NA19056	M	NRUP	HapMap	FALSE
NA18942	F	NRUP	HapMap	FALSE
NA18949	F	NRUP	HapMap	FALSE
NA18970	M	NRUP	HapMap	FALSE
NA18945	M	NRUP	HapMap	FALSE
NA18940	M	NRUP	HapMap	FALSE
NA18964	F	NRUP	HapMap	FALSE
NA18953	M	NRUP	HapMap	FALSE
NA18961	M	NRUP	HapMap	FALSE
NA18972	F	NRUP	HapMap	FALSE
NA18967	M	NRUP	HapMap	FALSE
NA18976	F	NRUP	HapMap	FALSE
NA18981	F	NRUP	HapMap	FALSE
NA18971	M	NRUP	HapMap	FALSE
NA18994	M	NRUP	HapMap	FALSE
NA18998	F	NRUP	HapMap	FALSE
NA19000	M	NRUP	HapMap	FALSE
NA18943	M	NRUP	HapMap	FALSE
NA18947	F	NRUP	HapMap	FALSE
NA18944	M	NRUP	HapMap	FALSE
NA18948	M	NRUP	HapMap	FALSE
NA18951	F	NRUP	HapMap	FALSE
NA18952	M	NRUP	HapMap	FALSE
NA18956	F	NRUP	HapMap	FALSE
NA18968	F	NRUP	HapMap	FALSE
NA18959	M	NRUP	HapMap	FALSE
NA18969	F	NRUP	HapMap	FALSE
NA18960	M	NRUP	HapMap	FALSE
NA18965	M	NRUP	HapMap	FALSE
NA18973	F	NRUP	HapMap	FALSE
NA18966	M	NRUP	HapMap	FALSE
NA18975	F	NRUP	HapMap	FALSE
NA18978	F	NRUP	HapMap	FALSE
NA18980	F	NRUP	HapMap	FALSE
NA18974	M	NRUP	HapMap	FALSE
NA18987	F	NRUP	HapMap	FALSE
NA18990	M	NRUP	HapMap	FALSE
NA18991	F	NRUP	HapMap	FALSE
NA18995	M	NRUP	HapMap	FALSE
NA18997	F	NRUP	HapMap	FALSE
NA19005	M	NRUP	HapMap	FALSE
NA18999	F	NRUP	HapMap	FALSE
NA19007	M	NRUP	HapMap	FALSE
NA19564	F	NRUP	HapMap	FALSE
NA19562	F	NRUP	HapMap	FALSE
NA19563	F	NRUP	HapMap	FALSE
NA19006	M	NRUP	HapMap	FALSE
NA19089	M	NRUP	HapMap	FALSE
NA19091	M	NRUP	HapMap	FALSE
NA19545	F	NRUP	HapMap	FALSE
NA19557	M	NRUP	HapMap	FALSE
NA18982	M	NRUP	HapMap	FALSE
NA18983	M	NRUP	HapMap	FALSE
NA18985	M	NRUP	HapMap	FALSE
NA18989	M	NRUP	HapMap	FALSE
NA19011	F	NRUP	HapMap	FALSE
NA19546	F	NRUP	HapMap	FALSE
NA19548	F	NRUP	HapMap	FALSE
NA19550	F	NRUP	HapMap	FALSE
NA19556	M	NRUP	HapMap	FALSE
NA19558	M	NRUP	HapMap	FALSE
NA19566	F	NRUP	HapMap	FALSE
NA19570	F	NRUP	HapMap	FALSE
NA19573	F	NRUP	HapMap	FALSE
NA19004	M	NRUP	HapMap	FALSE
NA19559	M	NRUP	HapMap	FALSE
NA18950	F	NRUP	HapMap	FALSE
NA18988	M	NRUP	HapMap	FALSE
NA19569	F	NRUP	HapMap	FALSE
NA19090	F	NRUP	HapMap	FALSE
NA19028	M	NRUP	HapMap	FALSE
NA19031	M	NRUP	HapMap	FALSE
NA19035	M	NRUP	HapMap	FALSE
NA19027	M	NRUP	HapMap	FALSE
NA19041	M	NRUP	HapMap	FALSE
NA19046	M	NRUP	HapMap	FALSE
NA19308	M	NRUP	HapMap	FALSE
NA19311	M	NRUP	HapMap	FALSE
NA19317	M	NRUP	HapMap	FALSE
NA19376	M	NRUP	HapMap	FALSE
NA19380	M	NRUP	HapMap	FALSE
NA19383	M	NRUP	HapMap	FALSE
NA19393	M	NRUP	HapMap	FALSE
NA19397	M	NRUP	HapMap	FALSE
NA19430	M	NRUP	HapMap	FALSE
NA19466	M	NRUP	HapMap	FALSE
NA19038	F	NRUP	HapMap	FALSE
NA19314	F	NRUP	HapMap	FALSE
NA19315	F	NRUP	HapMap	FALSE
NA19324	F	NRUP	HapMap	FALSE
NA19328	F	NRUP	HapMap	FALSE
NA19377	F	NRUP	HapMap	FALSE
NA19381	F	NRUP	HapMap	FALSE
NA19398	F	NRUP	HapMap	FALSE
NA19403	F	NRUP	HapMap	FALSE
NA19437	F	NRUP	HapMap	FALSE
NA19439	F	NRUP	HapMap	FALSE
NA19440	F	NRUP	HapMap	FALSE
NA19463	F	NRUP	HapMap	FALSE
NA19467	F	NRUP	HapMap	FALSE
NA19470	F	NRUP	HapMap	FALSE
NA19471	F	NRUP	HapMap	FALSE
NA19473	F	NRUP	HapMap	FALSE
NA19307	M	NRUP	HapMap	FALSE
NA19318	M	NRUP	HapMap	FALSE
NA19319	M	NRUP	HapMap	FALSE
NA19334	M	NRUP	HapMap	FALSE
NA19350	M	NRUP	HapMap	FALSE
NA19352	M	NRUP	HapMap	FALSE
NA19359	M	NRUP	HapMap	FALSE
NA19375	M	NRUP	HapMap	FALSE
NA19428	M	NRUP	HapMap	FALSE
NA19429	M	NRUP	HapMap	FALSE
NA19443	M	NRUP	HapMap	FALSE
NA19455	M	NRUP	HapMap	FALSE
NA19313	F	NRUP	HapMap	FALSE
NA19316	F	NRUP	HapMap	FALSE
NA19321	F	NRUP	HapMap	FALSE
NA19332	F	NRUP	HapMap	FALSE
NA19379	F	NRUP	HapMap	FALSE
NA19391	F	NRUP	HapMap	FALSE
NA19396	F	NRUP	HapMap	FALSE
NA19434	F	NRUP	HapMap	FALSE
NA19435	F	NRUP	HapMap	FALSE
NA19436	F	NRUP	HapMap	FALSE
NA19438	F	NRUP	HapMap	FALSE
NA19445	F	NRUP	HapMap	FALSE
NA19446	F	NRUP	HapMap	FALSE
NA19462	F	NRUP	HapMap	FALSE
NA19468	F	NRUP	HapMap	FALSE
NA19469	F	NRUP	HapMap	FALSE
NA19472	F	NRUP	HapMap	FALSE
NA19346	M	NRUP	HapMap	FALSE
NA19347	M	NRUP	HapMap	FALSE
NA19371	M	NRUP	HapMap	FALSE
NA19374	M	NRUP	HapMap	FALSE
NA19382	M	NRUP	HapMap	FALSE
NA19384	M	NRUP	HapMap	FALSE
NA19385	M	NRUP	HapMap	FALSE
NA19444	M	NRUP	HapMap	FALSE
NA19448	M	NRUP	HapMap	FALSE
NA19452	M	NRUP	HapMap	FALSE
NA19327	F	NRUP	HapMap	FALSE
NA19390	F	NRUP	HapMap	FALSE
NA19399	F	NRUP	HapMap	FALSE
NA19404	F	NRUP	HapMap	FALSE
NA19431	F	NRUP	HapMap	FALSE
NA19449	F	NRUP	HapMap	FALSE
NA19456	F	NRUP	HapMap	FALSE
NA19474	F	NRUP	HapMap	FALSE
NA19373	M	NRUP	HapMap	FALSE
NA19036	F	NRUP	HapMap	FALSE
NA19309	M	NRUP	HapMap	FALSE
NA19394	M	NRUP	HapMap	FALSE
NA19451	M	NRUP	HapMap	FALSE
NA19044	M	NRUP	HapMap	FALSE
NA19360	M	NRUP	HapMap	FALSE
NA19310	F	NRUP	HapMap	FALSE
NA19457	F	NRUP	HapMap	FALSE
NA19372	M	NRUP	HapMap	FALSE
NA19019	F	NRUP	HapMap	FALSE
NA19022	F	NRUP	HapMap	FALSE
NA19392	F	NRUP	HapMap	FALSE
NA19454	M	NRUP	HapMap	FALSE
NA19017	F	NRUP	HapMap	FALSE
NA19441	F	NRUP	HapMap	FALSE
NA19475	F	NRUP	HapMap	FALSE
NA19026	M	NRUP	HapMap	FALSE
NA19023	F	NRUP	HapMap	FALSE
NA19378	F	NRUP	HapMap	FALSE
NA19025	M	NRUP	HapMap	FALSE
NA19030	F	NRUP	HapMap	FALSE
NA19037	F	NRUP	HapMap	FALSE
NA19039	F	NRUP	HapMap	FALSE
NA19043	M	NRUP	HapMap	FALSE
NA19045	M	NRUP	HapMap	FALSE
NA19402	F	NRUP	HapMap	FALSE
NA19432	F	NRUP	HapMap	FALSE
NA19024	F	NRUP	HapMap	FALSE
NA19323	F	NRUP	HapMap	FALSE
NA19663	F	NRUP	HapMap	FALSE
NA19664	M	NRUP	HapMap	FALSE
NA19665	F	NRUP	HapMap	FALSE
NA19722	F	NRUP	HapMap	FALSE
NA19723	M	NRUP	HapMap	FALSE
NA19649	M	NRUP	HapMap	FALSE
NA19669	F	NRUP	HapMap	FALSE
NA19656	F	NRUP	HapMap	FALSE
NA19657	F	NRUP	HapMap	FALSE
NA19658	M	NRUP	HapMap	FALSE
NA19686	F	NRUP	HapMap	FALSE
NA19719	F	NRUP	HapMap	FALSE
NA19720	M	NRUP	HapMap	FALSE
NA19724	M	NRUP	HapMap	FALSE
NA19726	M	NRUP	HapMap	FALSE
NA19747	M	NRUP	HapMap	FALSE
NA19759	M	NRUP	HapMap	FALSE
NA19773	F	NRUP	HapMap	FALSE
NA19780	M	NRUP	HapMap	FALSE
NA19675	F	NRUP	HapMap	FALSE
NA19676	M	NRUP	HapMap	FALSE
NA19677	F	NRUP	HapMap	FALSE
NA19651	F	NRUP	HapMap	FALSE
NA19653	F	NRUP	HapMap	FALSE
NA19683	F	NRUP	HapMap	FALSE
NA19684	F	NRUP	HapMap	FALSE
NA19725	F	NRUP	HapMap	FALSE
NA19727	M	NRUP	HapMap	FALSE
NA19755	F	NRUP	HapMap	FALSE
NA19756	M	NRUP	HapMap	FALSE
NA19757	M	NRUP	HapMap	FALSE
NA19772	M	NRUP	HapMap	FALSE
NA19774	M	NRUP	HapMap	FALSE
NA19775	F	NRUP	HapMap	FALSE
NA19776	F	NRUP	HapMap	FALSE
NA19777	M	NRUP	HapMap	FALSE
NA19778	M	NRUP	HapMap	FALSE
NA19783	M	NRUP	HapMap	FALSE
NA19784	M	NRUP	HapMap	FALSE
NA19796	M	NRUP	HapMap	FALSE
NA19650	M	NRUP	HapMap	FALSE
NA19671	F	NRUP	HapMap	FALSE
NA19661	M	NRUP	HapMap	FALSE
NA19682	M	NRUP	HapMap	FALSE
NA19771	M	NRUP	HapMap	FALSE
NA19785	F	NRUP	HapMap	FALSE
NA19779	F	NRUP	HapMap	FALSE
NA19781	F	NRUP	HapMap	FALSE
NA19782	F	NRUP	HapMap	FALSE
NA19788	F	NRUP	HapMap	FALSE
NA19659	F	NRUP	HapMap	FALSE
NA19660	F	NRUP	HapMap	FALSE
NA19662	F	NRUP	HapMap	FALSE
NA19678	F	NRUP	HapMap	FALSE
NA19680	F	NRUP	HapMap	FALSE
NA19681	F	NRUP	HapMap	FALSE
NA19746	F	NRUP	HapMap	FALSE
NA19721	F	NRUP	HapMap	FALSE
NA19748	F	NRUP	HapMap	FALSE
NA19760	F	NRUP	HapMap	FALSE
NA19718	F	NRUP	HapMap	FALSE
NA19787	M	NRUP	HapMap	FALSE
NA19790	F	NRUP	HapMap	FALSE
NA19794	F	NRUP	HapMap	FALSE
NA19795	M	NRUP	HapMap	FALSE
NA19654	F	NRUP	HapMap	FALSE
NA19749	F	NRUP	HapMap	FALSE
NA19751	M	NRUP	HapMap	FALSE
NA19761	F	NRUP	HapMap	FALSE
NA19762	M	NRUP	HapMap	FALSE
NA19763	F	NRUP	HapMap	FALSE
NA19770	F	NRUP	HapMap	FALSE
NA19670	M	NRUP	HapMap	FALSE
NA19716	F	NRUP	HapMap	FALSE
NA19750	M	NRUP	HapMap	FALSE
NA19789	M	NRUP	HapMap	FALSE
NA19685	M	NRUP	HapMap	FALSE
NA19679	M	NRUP	HapMap	FALSE
NA19652	M	NRUP	HapMap	FALSE
NA19786	M	NRUP	HapMap	FALSE
NA19672	F	NRUP	HapMap	FALSE
NA19737	F	NRUP	HapMap	FALSE
NA19740	F	NRUP	HapMap	FALSE
NA19741	M	NRUP	HapMap	FALSE
NA19792	M	NRUP	HapMap	FALSE
NA19764	F	NRUP	HapMap	FALSE
NA21297	F	NRUP	HapMap	FALSE
NA21379	F	NRUP	HapMap	FALSE
NA21528	M	NRUP	HapMap	FALSE
NA21423	M	NRUP	HapMap	FALSE
NA21634	M	NRUP	HapMap	FALSE
NA21302	F	NRUP	HapMap	FALSE
NA21447	M	NRUP	HapMap	FALSE
NA21513	F	NRUP	HapMap	FALSE
NA21400	F	NRUP	HapMap	FALSE
NA21454	F	NRUP	HapMap	FALSE
NA21480	F	NRUP	HapMap	FALSE
NA21608	M	NRUP	HapMap	FALSE
NA21717	F	NRUP	HapMap	FALSE
NA21476	F	NRUP	HapMap	FALSE
NA21384	M	NRUP	HapMap	FALSE
NA21391	F	NRUP	HapMap	FALSE
NA21716	M	NRUP	HapMap	FALSE
NA21477	M	NRUP	HapMap	FALSE
NA21382	F	NRUP	HapMap	FALSE
NA21686	F	NRUP	HapMap	FALSE
NA21336	F	NRUP	HapMap	FALSE
NA21741	M	NRUP	HapMap	FALSE
NA21576	F	NRUP	HapMap	FALSE
NA21740	M	NRUP	HapMap	FALSE
NA21451	F	NRUP	HapMap	FALSE
NA21733	F	NRUP	HapMap	FALSE
NA21616	M	NRUP	HapMap	FALSE
NA21434	F	NRUP	HapMap	FALSE
NA21784	F	NRUP	HapMap	FALSE
NA21300	F	NRUP	HapMap	FALSE
NA21435	M	NRUP	HapMap	FALSE
NA21357	F	NRUP	HapMap	FALSE
NA21355	M	NRUP	HapMap	FALSE
NA21578	F	NRUP	HapMap	FALSE
NA21414	M	NRUP	HapMap	FALSE
NA21491	F	NRUP	HapMap	FALSE
NA21405	M	NRUP	HapMap	FALSE
NA21313	M	NRUP	HapMap	FALSE
NA21486	F	NRUP	HapMap	FALSE
NA21453	M	NRUP	HapMap	FALSE
NA21386	F	NRUP	HapMap	FALSE
NA21614	M	NRUP	HapMap	FALSE
NA21390	M	NRUP	HapMap	FALSE
NA21600	F	NRUP	HapMap	FALSE
NA21494	F	NRUP	HapMap	FALSE
NA21522	M	NRUP	HapMap	FALSE
NA21488	M	NRUP	HapMap	FALSE
NA21362	F	NRUP	HapMap	FALSE
NA21401	M	NRUP	HapMap	FALSE
NA21479	F	NRUP	HapMap	FALSE
NA21389	M	NRUP	HapMap	FALSE
NA21650	F	NRUP	HapMap	FALSE
NA21768	F	NRUP	HapMap	FALSE
NA21582	M	NRUP	HapMap	FALSE
NA21776	F	NRUP	HapMap	FALSE
NA21575	M	NRUP	HapMap	FALSE
NA21825	F	NRUP	HapMap	FALSE
NA21719	M	NRUP	HapMap	FALSE
NA21378	M	NRUP	HapMap	FALSE
NA21368	F	NRUP	HapMap	FALSE
NA21573	M	NRUP	HapMap	FALSE
NA21320	F	NRUP	HapMap	FALSE
NA21678	M	NRUP	HapMap	FALSE
NA21682	M	NRUP	HapMap	FALSE
NA21723	F	NRUP	HapMap	FALSE
NA21356	M	NRUP	HapMap	FALSE
NA21685	M	NRUP	HapMap	FALSE
NA21339	F	NRUP	HapMap	FALSE
NA21574	F	NRUP	HapMap	FALSE
NA21826	F	NRUP	HapMap	FALSE
NA21519	M	NRUP	HapMap	FALSE
NA21611	F	NRUP	HapMap	FALSE
NA21632	F	NRUP	HapMap	FALSE
NA21489	F	NRUP	HapMap	FALSE
NA21490	M	NRUP	HapMap	FALSE
NA21404	F	NRUP	HapMap	FALSE
NA21383	M	NRUP	HapMap	FALSE
NA21526	F	NRUP	HapMap	FALSE
NA21583	M	NRUP	HapMap	FALSE
NA21303	F	NRUP	HapMap	FALSE
NA21440	M	NRUP	HapMap	FALSE
NA21385	F	NRUP	HapMap	FALSE
NA21615	F	NRUP	HapMap	FALSE
NA21455	F	NRUP	HapMap	FALSE
NA21525	M	NRUP	HapMap	FALSE
NA21399	M	NRUP	HapMap	FALSE
NA21388	F	NRUP	HapMap	FALSE
NA21599	M	NRUP	HapMap	FALSE
NA21647	M	NRUP	HapMap	FALSE
NA21312	M	NRUP	HapMap	FALSE
NA21438	F	NRUP	HapMap	FALSE
NA21509	M	NRUP	HapMap	FALSE
NA21473	F	NRUP	HapMap	FALSE
NA21408	M	NRUP	HapMap	FALSE
NA21510	F	NRUP	HapMap	FALSE
NA21352	M	NRUP	HapMap	FALSE
NA21617	F	NRUP	HapMap	FALSE
NA21520	M	NRUP	HapMap	FALSE
NA21418	F	NRUP	HapMap	FALSE
NA21367	M	NRUP	HapMap	FALSE
NA21448	M	NRUP	HapMap	FALSE
NA21683	F	NRUP	HapMap	FALSE
NA21738	M	NRUP	HapMap	FALSE
NA21739	M	NRUP	HapMap	FALSE
NA21417	M	NRUP	HapMap	FALSE
NA21415	F	NRUP	HapMap	FALSE
NA21521	M	NRUP	HapMap	FALSE
NA21523	M	NRUP	HapMap	FALSE
NA21580	F	NRUP	HapMap	FALSE
NA21311	M	NRUP	HapMap	FALSE
NA21636	F	NRUP	HapMap	FALSE
NA21360	F	NRUP	HapMap	FALSE
NA21301	M	NRUP	HapMap	FALSE
NA21648	M	NRUP	HapMap	FALSE
NA21441	F	NRUP	HapMap	FALSE
NA21359	M	NRUP	HapMap	FALSE
NA21424	F	NRUP	HapMap	FALSE
NA21361	F	NRUP	HapMap	FALSE
NA21514	M	NRUP	HapMap	FALSE
NA21478	M	NRUP	HapMap	FALSE
NA21366	M	NRUP	HapMap	FALSE
NA21402	M	NRUP	HapMap	FALSE
NA21344	M	NRUP	HapMap	FALSE
NA21365	F	NRUP	HapMap	FALSE
NA21317	M	NRUP	HapMap	FALSE
NA21527	M	NRUP	HapMap	FALSE
NA21307	M	NRUP	HapMap	FALSE
NA21512	M	NRUP	HapMap	FALSE
NA21718	M	NRUP	HapMap	FALSE
NA21363	F	NRUP	HapMap	FALSE
NA21387	M	NRUP	HapMap	FALSE
NA21596	M	NRUP	HapMap	FALSE
NA21693	F	NRUP	HapMap	FALSE
NA21587	M	NRUP	HapMap	FALSE
NA21529	F	NRUP	HapMap	FALSE
NA21436	F	NRUP	HapMap	FALSE
NA21420	M	NRUP	HapMap	FALSE
NA21364	F	NRUP	HapMap	FALSE
NA21689	M	NRUP	HapMap	FALSE
NA21597	F	NRUP	HapMap	FALSE
NA21353	F	NRUP	HapMap	FALSE
NA21635	F	NRUP	HapMap	FALSE
NA21439	M	NRUP	HapMap	FALSE
NA21403	F	NRUP	HapMap	FALSE
NA21601	F	NRUP	HapMap	FALSE
NA21308	F	NRUP	HapMap	FALSE
NA21613	F	NRUP	HapMap	FALSE
NA21421	F	NRUP	HapMap	FALSE
NA21631	M	NRUP	HapMap	FALSE
NA21309	F	NRUP	HapMap	FALSE
NA21620	F	NRUP	HapMap	FALSE
NA21425	F	NRUP	HapMap	FALSE
NA21316	M	NRUP	HapMap	FALSE
NA21487	F	NRUP	HapMap	FALSE
NA21485	M	NRUP	HapMap	FALSE
NA21381	M	NRUP	HapMap	FALSE
NA21442	M	NRUP	HapMap	FALSE
NA21619	M	NRUP	HapMap	FALSE
NA21295	M	NRUP	HapMap	FALSE
NA21517	F	NRUP	HapMap	FALSE
NA21314	M	NRUP	HapMap	FALSE
NA21333	F	NRUP	HapMap	FALSE
NA21457	F	NRUP	HapMap	FALSE
NA21722	M	NRUP	HapMap	FALSE
NA21318	M	NRUP	HapMap	FALSE
NA21370	M	NRUP	HapMap	FALSE
NA21475	M	NRUP	HapMap	FALSE
NA21524	F	NRUP	HapMap	FALSE
NA21493	F	NRUP	HapMap	FALSE
NA21577	M	NRUP	HapMap	FALSE
NA21371	F	NRUP	HapMap	FALSE
NA21409	F	NRUP	HapMap	FALSE
NA21298	M	NRUP	HapMap	FALSE
NA21304	M	NRUP	HapMap	FALSE
NA21351	M	NRUP	HapMap	FALSE
NA21410	M	NRUP	HapMap	FALSE
NA21515	M	NRUP	HapMap	FALSE
NA21622	F	NRUP	HapMap	FALSE
NA21450	M	NRUP	HapMap	FALSE
NA21584	M	NRUP	HapMap	FALSE
NA21737	M	NRUP	HapMap	FALSE
NA21769	F	NRUP	HapMap	FALSE
NA21770	F	NRUP	HapMap	FALSE
NA21341	M	NRUP	HapMap	FALSE
NA20505	F	NRUP	HapMap	FALSE
NA20504	F	NRUP	HapMap	FALSE
NA20506	F	NRUP	HapMap	FALSE
NA20502	F	NRUP	HapMap	FALSE
NA20528	M	NRUP	HapMap	FALSE
NA20531	F	NRUP	HapMap	FALSE
NA20534	M	NRUP	HapMap	FALSE
NA20535	F	NRUP	HapMap	FALSE
NA20586	M	NRUP	HapMap	FALSE
NA20756	F	NRUP	HapMap	FALSE
NA20760	F	NRUP	HapMap	FALSE
NA20765	M	NRUP	HapMap	FALSE
NA20766	F	NRUP	HapMap	FALSE
NA20769	F	NRUP	HapMap	FALSE
NA20771	F	NRUP	HapMap	FALSE
NA20512	M	NRUP	HapMap	FALSE
NA20515	M	NRUP	HapMap	FALSE
NA20516	M	NRUP	HapMap	FALSE
NA20517	F	NRUP	HapMap	FALSE
NA20518	M	NRUP	HapMap	FALSE
NA20530	F	NRUP	HapMap	FALSE
NA20538	M	NRUP	HapMap	FALSE
NA20539	M	NRUP	HapMap	FALSE
NA20542	F	NRUP	HapMap	FALSE
NA20544	M	NRUP	HapMap	FALSE
NA20588	M	NRUP	HapMap	FALSE
NA20752	M	NRUP	HapMap	FALSE
NA20753	F	NRUP	HapMap	FALSE
NA20755	M	NRUP	HapMap	FALSE
NA20759	M	NRUP	HapMap	FALSE
NA20770	M	NRUP	HapMap	FALSE
NA20775	F	NRUP	HapMap	FALSE
NA20785	M	NRUP	HapMap	FALSE
NA20796	M	NRUP	HapMap	FALSE
NA20799	F	NRUP	HapMap	FALSE
NA20808	F	NRUP	HapMap	FALSE
NA20810	M	NRUP	HapMap	FALSE
NA20812	M	NRUP	HapMap	FALSE
NA20813	F	NRUP	HapMap	FALSE
NA20815	M	NRUP	HapMap	FALSE
NA20816	M	NRUP	HapMap	FALSE
NA20819	F	NRUP	HapMap	FALSE
NA20826	F	NRUP	HapMap	FALSE
NA20509	M	NRUP	HapMap	FALSE
NA20521	M	NRUP	HapMap	FALSE
NA20529	F	NRUP	HapMap	FALSE
NA20540	F	NRUP	HapMap	FALSE
NA20541	F	NRUP	HapMap	FALSE
NA20581	M	NRUP	HapMap	FALSE
NA20582	F	NRUP	HapMap	FALSE
NA20589	F	NRUP	HapMap	FALSE
NA20754	M	NRUP	HapMap	FALSE
NA20772	F	NRUP	HapMap	FALSE
NA20773	F	NRUP	HapMap	FALSE
NA20778	M	NRUP	HapMap	FALSE
NA20787	M	NRUP	HapMap	FALSE
NA20790	F	NRUP	HapMap	FALSE
NA20792	M	NRUP	HapMap	FALSE
NA20795	F	NRUP	HapMap	FALSE
NA20797	F	NRUP	HapMap	FALSE
NA20800	F	NRUP	HapMap	FALSE
NA20801	M	NRUP	HapMap	FALSE
NA20804	F	NRUP	HapMap	FALSE
NA20806	M	NRUP	HapMap	FALSE
NA20807	F	NRUP	HapMap	FALSE
NA20809	M	NRUP	HapMap	FALSE
NA20510	M	NRUP	HapMap	FALSE
NA20519	M	NRUP	HapMap	FALSE
NA20543	M	NRUP	HapMap	FALSE
NA20758	M	NRUP	HapMap	FALSE
NA20761	F	NRUP	HapMap	FALSE
NA20768	F	NRUP	HapMap	FALSE
NA20774	F	NRUP	HapMap	FALSE
NA20786	F	NRUP	HapMap	FALSE
NA20802	F	NRUP	HapMap	FALSE
NA20805	M	NRUP	HapMap	FALSE
NA20818	F	NRUP	HapMap	FALSE
NA20508	F	NRUP	HapMap	FALSE
NA20520	M	NRUP	HapMap	FALSE
NA20524	M	NRUP	HapMap	FALSE
NA20525	M	NRUP	HapMap	FALSE
NA20527	M	NRUP	HapMap	FALSE
NA20811	M	NRUP	HapMap	FALSE
NA20522	F	NRUP	HapMap	FALSE
NA20783	M	NRUP	HapMap	FALSE
NA20803	M	NRUP	HapMap	FALSE
NA20828	F	NRUP	HapMap	FALSE
NA20757	F	NRUP	HapMap	FALSE
NA20821	F	NRUP	HapMap	FALSE
NA20762	M	NRUP	HapMap	FALSE
NA20767	M	NRUP	HapMap	FALSE
NA20817	M	NRUP	HapMap	FALSE
NA20820	M	NRUP	HapMap	FALSE
NA20822	F	NRUP	HapMap	FALSE
NA20827	M	NRUP	HapMap	FALSE
NA20831	M	NRUP	HapMap	FALSE
NA20587	F	NRUP	HapMap	FALSE
NA20764	F	NRUP	HapMap	FALSE
NA20780	M	NRUP	HapMap	FALSE
NA20832	F	NRUP	HapMap	FALSE
NA20791	M	NRUP	HapMap	FALSE
NA20763	M	NRUP	HapMap	FALSE
NA18488	F	NRUP	HapMap	FALSE
NA18519	M	NRUP	HapMap	FALSE
NA19185	F	NRUP	HapMap	FALSE
NA19146	M	NRUP	HapMap	FALSE
NA19097	F	NRUP	HapMap	FALSE
NA18869	M	NRUP	HapMap	FALSE
NA19149	F	NRUP	HapMap	FALSE
NA18509	M	NRUP	HapMap	FALSE
NA19256	M	NRUP	HapMap	FALSE
NA19108	F	NRUP	HapMap	FALSE
NA18925	M	NRUP	HapMap	FALSE
NA19178	M	NRUP	HapMap	FALSE
NA18484	F	NRUP	HapMap	FALSE
NA18916	F	NRUP	HapMap	FALSE
NA19123	M	NRUP	HapMap	FALSE
NA19190	F	NRUP	HapMap	FALSE
NA19249	M	NRUP	HapMap	FALSE
NA19121	M	NRUP	HapMap	FALSE
NA18935	M	NRUP	HapMap	FALSE
NA18497	M	NRUP	HapMap	FALSE
NA19113	M	NRUP	HapMap	FALSE
NA19235	F	NRUP	HapMap	FALSE
NA19174	M	NRUP	HapMap	FALSE
NA19095	F	NRUP	HapMap	FALSE
NA19096	M	NRUP	HapMap	FALSE
NA18868	M	NRUP	HapMap	FALSE
NA18909	F	NRUP	HapMap	FALSE
NA18933	F	NRUP	HapMap	FALSE
NA19175	M	NRUP	HapMap	FALSE
NA19247	F	NRUP	HapMap	FALSE
NA19151	F	NRUP	HapMap	FALSE
NA18489	F	NRUP	HapMap	FALSE
NA19181	M	NRUP	HapMap	FALSE
NA19257	F	NRUP	HapMap	FALSE
NA19117	M	NRUP	HapMap	FALSE
NA19214	F	NRUP	HapMap	FALSE
NA18485	M	NRUP	HapMap	FALSE
NA19237	F	NRUP	HapMap	FALSE
NA18520	F	NRUP	HapMap	FALSE
NA19213	M	NRUP	HapMap	FALSE
NA19224	M	NRUP	HapMap	FALSE
NA19197	F	NRUP	HapMap	FALSE
NA19191	M	NRUP	HapMap	FALSE
NA18911	M	NRUP	HapMap	FALSE
NA18518	F	NRUP	HapMap	FALSE
NA19198	M	NRUP	HapMap	FALSE
NA19122	F	NRUP	HapMap	FALSE
NA18930	F	NRUP	HapMap	FALSE
NA18934	M	NRUP	HapMap	FALSE
NA18924	F	NRUP	HapMap	FALSE
NA19147	F	NRUP	HapMap	FALSE
NA18486	M	NRUP	HapMap	FALSE
NA18499	F	NRUP	HapMap	FALSE
NA18487	M	NRUP	HapMap	FALSE
NA19248	M	NRUP	HapMap	FALSE
NA18917	M	NRUP	HapMap	FALSE
NA19115	F	NRUP	HapMap	FALSE
NA19114	F	NRUP	HapMap	FALSE
NA19215	F	NRUP	HapMap	FALSE
NA19184	M	NRUP	HapMap	FALSE
NA19183	F	NRUP	HapMap	FALSE
NA19176	F	NRUP	HapMap	FALSE
NA18867	F	NRUP	HapMap	FALSE
NA19180	F	NRUP	HapMap	FALSE
NA19148	F	NRUP	HapMap	FALSE
NA19109	F	NRUP	HapMap	FALSE
NA19236	M	NRUP	HapMap	FALSE
NA18874	M	NRUP	HapMap	FALSE
NA19179	F	NRUP	HapMap	FALSE
NA19186	M	NRUP	HapMap	FALSE
NA19252	M	NRUP	HapMap	FALSE
NA19182	F	NRUP	HapMap	FALSE
NA19226	M	NRUP	HapMap	FALSE
NA19225	F	NRUP	HapMap	FALSE
NA19258	M	NRUP	HapMap	FALSE
NA19189	M	NRUP	HapMap	FALSE
NA18498	M	NRUP	HapMap	FALSE
NA19118	F	NRUP	HapMap	FALSE
NA19199	F	NRUP	HapMap	FALSE
NA19107	M	NRUP	HapMap	FALSE
NA18875	F	NRUP	HapMap	FALSE
NA18907	F	NRUP	HapMap	FALSE
NA18510	M	NRUP	HapMap	FALSE
NA18511	F	NRUP	HapMap	FALSE
NA18923	M	NRUP	HapMap	FALSE
NA19150	M	NRUP	HapMap	FALSE
NA18910	M	NRUP	HapMap	FALSE
NA18873	F	NRUP	HapMap	FALSE
NA18505	F	NRUP	HapMap	FALSE
NA19202	F	NRUP	HapMap	FALSE
NA19240	F	NRUP	HapMap	FALSE
NA19239	M	NRUP	HapMap	FALSE
NA18501	M	NRUP	HapMap	FALSE
NA19137	F	NRUP	HapMap	FALSE
NA19153	M	NRUP	HapMap	FALSE
NA18857	M	NRUP	HapMap	FALSE
NA19223	M	NRUP	HapMap	FALSE
NA18500	M	NRUP	HapMap	FALSE
NA18861	F	NRUP	HapMap	FALSE
NA19201	F	NRUP	HapMap	FALSE
NA19144	M	NRUP	HapMap	FALSE
NA19193	F	NRUP	HapMap	FALSE
NA18503	M	NRUP	HapMap	FALSE
NA18504	M	NRUP	HapMap	FALSE
NA19203	M	NRUP	HapMap	FALSE
NA19143	F	NRUP	HapMap	FALSE
NA18871	M	NRUP	HapMap	FALSE
NA18870	F	NRUP	HapMap	FALSE
NA19200	M	NRUP	HapMap	FALSE
NA18517	F	NRUP	HapMap	FALSE
NA19221	F	NRUP	HapMap	FALSE
NA18863	M	NRUP	HapMap	FALSE
NA18855	F	NRUP	HapMap	FALSE
NA19209	F	NRUP	HapMap	FALSE
NA19160	M	NRUP	HapMap	FALSE
NA19152	F	NRUP	HapMap	FALSE
NA19102	F	NRUP	HapMap	FALSE
NA19172	F	NRUP	HapMap	FALSE
NA18854	M	NRUP	HapMap	FALSE
NA18515	M	NRUP	HapMap	FALSE
NA19238	F	NRUP	HapMap	FALSE
NA19142	M	NRUP	HapMap	FALSE
NA18913	M	NRUP	HapMap	FALSE
NA19139	M	NRUP	HapMap	FALSE
NA18912	F	NRUP	HapMap	FALSE
NA19222	F	NRUP	HapMap	FALSE
NA18508	F	NRUP	HapMap	FALSE
NA19129	F	NRUP	HapMap	FALSE
NA19194	M	NRUP	HapMap	FALSE
NA19154	M	NRUP	HapMap	FALSE
NA19138	M	NRUP	HapMap	FALSE
NA18852	F	NRUP	HapMap	FALSE
NA19120	M	NRUP	HapMap	FALSE
NA19210	M	NRUP	HapMap	FALSE
NA19204	F	NRUP	HapMap	FALSE
NA18507	M	NRUP	HapMap	FALSE
NA19159	F	NRUP	HapMap	FALSE
NA19211	M	NRUP	HapMap	FALSE
NA18516	M	NRUP	HapMap	FALSE
NA18862	M	NRUP	HapMap	FALSE
NA19101	M	NRUP	HapMap	FALSE
NA18872	M	NRUP	HapMap	FALSE
NA19192	M	NRUP	HapMap	FALSE
NA18521	M	NRUP	HapMap	FALSE
NA18858	F	NRUP	HapMap	FALSE
NA19141	M	NRUP	HapMap	FALSE
NA19093	F	NRUP	HapMap	FALSE
NA19132	F	NRUP	HapMap	FALSE
NA19206	F	NRUP	HapMap	FALSE
NA18506	M	NRUP	HapMap	FALSE
NA19098	M	NRUP	HapMap	FALSE
NA19130	M	NRUP	HapMap	FALSE
NA19128	M	NRUP	HapMap	FALSE
NA19131	F	NRUP	HapMap	FALSE
NA18522	M	NRUP	HapMap	FALSE
NA19208	M	NRUP	HapMap	FALSE
NA19116	F	NRUP	HapMap	FALSE
NA18914	M	NRUP	HapMap	FALSE
NA19127	F	NRUP	HapMap	FALSE
NA19094	F	NRUP	HapMap	FALSE
NA19161	M	NRUP	HapMap	FALSE
NA18853	M	NRUP	HapMap	FALSE
NA19173	M	NRUP	HapMap	FALSE
NA19171	M	NRUP	HapMap	FALSE
NA19140	F	NRUP	HapMap	FALSE
NA18859	M	NRUP	HapMap	FALSE
NA19119	M	NRUP	HapMap	FALSE
NA18860	M	NRUP	HapMap	FALSE
NA19207	M	NRUP	HapMap	FALSE
NA19103	M	NRUP	HapMap	FALSE
NA19099	F	NRUP	HapMap	FALSE
NA18523	F	NRUP	HapMap	FALSE
NA18876	F	NRUP	HapMap	FALSE
NA18881	F	NRUP	HapMap	FALSE
NA19242	M	NRUP	HapMap	FALSE
NA18879	M	NRUP	HapMap	FALSE
NA19163	F	NRUP	HapMap	FALSE
NA19187	M	NRUP	HapMap	FALSE
NA19195	M	NRUP	HapMap	FALSE
NA19220	M	NRUP	HapMap	FALSE
NA19246	M	NRUP	HapMap	FALSE
NA19253	M	NRUP	HapMap	FALSE
NA19254	F	NRUP	HapMap	FALSE
NA19260	F	NRUP	HapMap	FALSE
NA19262	M	NRUP	HapMap	FALSE
NA18878	F	NRUP	HapMap	FALSE
NA18921	F	NRUP	HapMap	FALSE
NA19104	M	NRUP	HapMap	FALSE
NA19105	F	NRUP	HapMap	FALSE
NA19110	M	NRUP	HapMap	FALSE
NA19133	F	NRUP	HapMap	FALSE
NA19135	F	NRUP	HapMap	FALSE
NA19156	M	NRUP	HapMap	FALSE
NA19157	F	NRUP	HapMap	FALSE
NA19166	F	NRUP	HapMap	FALSE
NA19196	F	NRUP	HapMap	FALSE
NA19216	F	NRUP	HapMap	FALSE
NA19259	M	NRUP	HapMap	FALSE
NA18877	M	NRUP	HapMap	FALSE
NA18931	F	NRUP	HapMap	FALSE
NA18915	M	NRUP	HapMap	FALSE
NA19250	F	NRUP	HapMap	FALSE
NA19124	M	NRUP	HapMap	FALSE
